File ID	File Name	Data Category	Data Type	Project ID	Case ID	Sample ID	Sample Type
9f65c99a-47f1-4f33-8a66-bd1fb638d953	fe6f1ec7-deee-49ab-838d-e9b4d73377ca.rna_seq.augmented_star_gene_counts.tsv	Transcriptome Profiling	Gene Expression Quantification	TCGA-PAAD	TCGA-HZ-7289	TCGA-HZ-7289-01A	Primary Tumor
44f31ab7-9518-4b29-99fd-9b1247d9d189	23c259f7-c595-41b2-8d82-b740879a3ff6.rna_seq.augmented_star_gene_counts.tsv	Transcriptome Profiling	Gene Expression Quantification	TCGA-PAAD	TCGA-HV-AA8X	TCGA-HV-AA8X-01A	Primary Tumor
08675d5b-7408-489c-8b5b-a37fe94d8c4d	d1134e43-0cc6-4a95-951d-cb19623b27c1.rna_seq.augmented_star_gene_counts.tsv	Transcriptome Profiling	Gene Expression Quantification	TCGA-PAAD	TCGA-HZ-8519	TCGA-HZ-8519-01A	Primary Tumor
2493df6e-8c76-4557-a7af-6d1264e9dac4	13653fbc-feec-45d3-8b36-badbf813e979.rna_seq.augmented_star_gene_counts.tsv	Transcriptome Profiling	Gene Expression Quantification	TCGA-PAAD	TCGA-IB-AAUS	TCGA-IB-AAUS-01A	Primary Tumor
5dd598ff-58cf-4553-af71-2e0d80a04c08	fbb8955a-12cc-4e48-b4ab-f1c612d56b8a.rna_seq.augmented_star_gene_counts.tsv	Transcriptome Profiling	Gene Expression Quantification	TCGA-PAAD	TCGA-LB-A7SX	TCGA-LB-A7SX-01A	Primary Tumor
b64533e3-8dbd-4e50-8abe-a5cc52266897	a87e8e1d-4ab3-4603-9d64-6a19c3ddf84e.rna_seq.augmented_star_gene_counts.tsv	Transcriptome Profiling	Gene Expression Quantification	TCGA-PAAD	TCGA-2J-AAB1	TCGA-2J-AAB1-01A	Primary Tumor
9c7d0cbe-953d-4785-8f79-ae54edb3d7ea	875e9333-ef0a-4625-a5b6-56ce145f084d.rna_seq.augmented_star_gene_counts.tsv	Transcriptome Profiling	Gene Expression Quantification	TCGA-PAAD	TCGA-IB-A6UF	TCGA-IB-A6UF-01A	Primary Tumor
3946d6e3-4460-43f8-9c1b-defceee3fe4f	65ac44e1-923f-4d0a-aa08-50e92430a785.rna_seq.augmented_star_gene_counts.tsv	Transcriptome Profiling	Gene Expression Quantification	TCGA-PAAD	TCGA-HZ-A49I	TCGA-HZ-A49I-01A	Primary Tumor
e377175c-5a94-4600-860f-e2e31fc960f5	82c85832-c1c2-4c8a-a0eb-4b6670d00b5b.rna_seq.augmented_star_gene_counts.tsv	Transcriptome Profiling	Gene Expression Quantification	TCGA-PAAD	TCGA-2L-AAQL	TCGA-2L-AAQL-01A	Primary Tumor
1500117c-5da7-43ba-8453-64d20170eb86	d789b349-f74b-4910-b797-625b2e1cc22a.rna_seq.augmented_star_gene_counts.tsv	Transcriptome Profiling	Gene Expression Quantification	TCGA-PAAD	TCGA-3A-A9IH	TCGA-3A-A9IH-01A	Primary Tumor
241606d3-f359-4df7-ba9e-1c2a86c17d10	e55e1abe-7f0d-4cb7-a28a-728443f0423d.rna_seq.augmented_star_gene_counts.tsv	Transcriptome Profiling	Gene Expression Quantification	TCGA-PAAD	TCGA-US-A77J	TCGA-US-A77J-01A	Primary Tumor
2ef39ad3-7a20-43f7-8dc2-6997a89d3077	ac1c16e5-e009-400a-8294-4a37d16982a0.rna_seq.augmented_star_gene_counts.tsv	Transcriptome Profiling	Gene Expression Quantification	TCGA-PAAD	TCGA-FB-A4P6	TCGA-FB-A4P6-01A	Primary Tumor
88b45a1d-4dd3-48cf-8615-76e5f9099a2c	5a9a3685-e932-4571-a5e6-0f3752151571.rna_seq.augmented_star_gene_counts.tsv	Transcriptome Profiling	Gene Expression Quantification	TCGA-PAAD	TCGA-IB-7885	TCGA-IB-7885-01A	Primary Tumor
483e03f9-4112-4a4f-9b1b-c6330c4d7527	bcd0d8da-f633-4ee0-adf8-17692d14c20b.rna_seq.augmented_star_gene_counts.tsv	Transcriptome Profiling	Gene Expression Quantification	TCGA-PAAD	TCGA-2J-AABV	TCGA-2J-AABV-01A	Primary Tumor
ad163cf4-adf6-4b06-8350-0eaa2d670b39	5d89bb92-a19f-4b11-8c64-eaa0dd8ef90a.rna_seq.augmented_star_gene_counts.tsv	Transcriptome Profiling	Gene Expression Quantification	TCGA-PAAD	TCGA-IB-AAUW	TCGA-IB-AAUW-01A	Primary Tumor
3f463d35-ef25-4e5f-9cea-81576d0fde07	ee922546-b15e-4cc6-a715-5a396f14fcdd.rna_seq.augmented_star_gene_counts.tsv	Transcriptome Profiling	Gene Expression Quantification	TCGA-PAAD	TCGA-IB-8127	TCGA-IB-8127-01A	Primary Tumor
d4b54ce7-b3ed-4a31-8bf7-867efc78e980	96f79902-9710-4a2c-9b26-92cc9430d441.rna_seq.augmented_star_gene_counts.tsv	Transcriptome Profiling	Gene Expression Quantification	TCGA-PAAD	TCGA-2J-AABP	TCGA-2J-AABP-01A	Primary Tumor
86ed628c-fb1a-4505-b6e8-0cc72719840e	592f9b63-6b4c-4d4d-b2dc-a061a109390b.rna_seq.augmented_star_gene_counts.tsv	Transcriptome Profiling	Gene Expression Quantification	TCGA-PAAD	TCGA-3A-A9IS	TCGA-3A-A9IS-01A	Primary Tumor
952b8bf3-3da4-4228-9541-004e17709cb1	06a1d5c5-ecc0-426b-aba8-d5e0ca289c8f.rna_seq.augmented_star_gene_counts.tsv	Transcriptome Profiling	Gene Expression Quantification	TCGA-PAAD	TCGA-F2-6879	TCGA-F2-6879-01A	Primary Tumor
eb40b06c-68b1-4298-9d1f-4de1e28f07dd	7e35ad10-6c63-4743-b43d-d921159faddd.rna_seq.augmented_star_gene_counts.tsv	Transcriptome Profiling	Gene Expression Quantification	TCGA-PAAD	TCGA-2J-AABF	TCGA-2J-AABF-01A	Primary Tumor
df0db454-9793-42df-aeb3-23ca4a105ccb	907768c7-70e3-4141-bc94-589d46e93b85.rna_seq.augmented_star_gene_counts.tsv	Transcriptome Profiling	Gene Expression Quantification	TCGA-PAAD	TCGA-FB-AAQ0	TCGA-FB-AAQ0-01A	Primary Tumor
e993fbaf-8900-4a7b-8f73-3b7df51ab80f	92c7d925-cd0d-446a-a681-2cdeb4aebf88.rna_seq.augmented_star_gene_counts.tsv	Transcriptome Profiling	Gene Expression Quantification	TCGA-PAAD	TCGA-H6-8124	TCGA-H6-8124-01A	Primary Tumor
425613bb-a981-4984-95d5-50839b89a04e	8bc8bd50-aea9-422c-891e-f6d0f4ff7d33.rna_seq.augmented_star_gene_counts.tsv	Transcriptome Profiling	Gene Expression Quantification	TCGA-PAAD	TCGA-S4-A8RP	TCGA-S4-A8RP-01A	Primary Tumor
7e460f1a-71f3-4d86-a146-c2ee5704237b	241fe50e-0427-443d-8b22-35d747c4d03b.rna_seq.augmented_star_gene_counts.tsv	Transcriptome Profiling	Gene Expression Quantification	TCGA-PAAD	TCGA-HV-A5A3	TCGA-HV-A5A3-01A	Primary Tumor
e14ea4c0-3fe4-486c-8f9f-bad12964dbb6	774f715e-5c42-40e0-83b8-dd789d4efca4.rna_seq.augmented_star_gene_counts.tsv	Transcriptome Profiling	Gene Expression Quantification	TCGA-PAAD	TCGA-HZ-8637	TCGA-HZ-8637-01A	Primary Tumor
bed2a207-15f0-4837-9ba0-6638051df824	a5f518f1-22ba-4a2c-8664-d37aba0bf679.rna_seq.augmented_star_gene_counts.tsv	Transcriptome Profiling	Gene Expression Quantification	TCGA-PAAD	TCGA-IB-7654	TCGA-IB-7654-01A	Primary Tumor
e8bf1350-c26c-45ee-8026-ead112e146b7	71635a3b-07b8-48dd-8d46-6794c69f4e37.rna_seq.augmented_star_gene_counts.tsv	Transcriptome Profiling	Gene Expression Quantification	TCGA-PAAD	TCGA-HV-A5A4	TCGA-HV-A5A4-01A	Primary Tumor
35088c7e-99d5-46d4-a8df-ae85794c019b	64dcf9f2-ba3a-492d-9ac7-149cc86f2732.rna_seq.augmented_star_gene_counts.tsv	Transcriptome Profiling	Gene Expression Quantification	TCGA-PAAD	TCGA-XD-AAUL	TCGA-XD-AAUL-01A	Primary Tumor
b8802db6-a0c5-4d4e-842e-22a91f36974b	778a26f2-ace7-4ce0-b0f1-ab23cacb2f84.rna_seq.augmented_star_gene_counts.tsv	Transcriptome Profiling	Gene Expression Quantification	TCGA-PAAD	TCGA-Q3-A5QY	TCGA-Q3-A5QY-01A	Primary Tumor
df863996-d40d-43e3-84f0-938ca2a78fe9	966870d5-cfb6-4f7b-bc8e-3032eaa4d03a.rna_seq.augmented_star_gene_counts.tsv	Transcriptome Profiling	Gene Expression Quantification	TCGA-PAAD	TCGA-HZ-A77P	TCGA-HZ-A77P-01A	Primary Tumor
9043ee18-45f4-483e-91c2-b8dd175ac703	940696cf-f20c-4aa9-ad5c-479141132692.rna_seq.augmented_star_gene_counts.tsv	Transcriptome Profiling	Gene Expression Quantification	TCGA-PAAD	TCGA-HZ-8005	TCGA-HZ-8005-01A	Primary Tumor
d36a090d-0b64-459a-931b-b743095fb96c	6289f4a8-1b68-4ac2-991f-1560fd61a9e7.rna_seq.augmented_star_gene_counts.tsv	Transcriptome Profiling	Gene Expression Quantification	TCGA-PAAD	TCGA-F2-A44H	TCGA-F2-A44H-01A	Primary Tumor
3982f99d-d2ad-48cb-b3d5-840502c5bf53	7a24bded-097d-416c-952e-91ba909973d5.rna_seq.augmented_star_gene_counts.tsv	Transcriptome Profiling	Gene Expression Quantification	TCGA-PAAD	TCGA-2J-AABE	TCGA-2J-AABE-01A	Primary Tumor
1bccd28f-ef99-486b-b191-e07c17185d57	b296880d-cf96-4783-9b5c-849bf412ca44.rna_seq.augmented_star_gene_counts.tsv	Transcriptome Profiling	Gene Expression Quantification	TCGA-PAAD	TCGA-FB-AAPS	TCGA-FB-AAPS-01A	Primary Tumor
649f4d81-a634-4734-ba31-bdeb0877312a	6813be8f-c90b-4505-9293-ed370e771ccf.rna_seq.augmented_star_gene_counts.tsv	Transcriptome Profiling	Gene Expression Quantification	TCGA-PAAD	TCGA-HZ-7918	TCGA-HZ-7918-01A	Primary Tumor
6f4f4820-7c49-4b48-af6f-a2ab17347da7	e8edb04f-5c1b-423e-8f84-7bc77a5de9a8.rna_seq.augmented_star_gene_counts.tsv	Transcriptome Profiling	Gene Expression Quantification	TCGA-PAAD	TCGA-HZ-A9TJ	TCGA-HZ-A9TJ-06A	Metastatic
a5723a1d-b3d3-4c19-9c61-ed53a8334b3c	81ddd43c-50f2-4622-9bd9-56bee811f71f.rna_seq.augmented_star_gene_counts.tsv	Transcriptome Profiling	Gene Expression Quantification	TCGA-PAAD	TCGA-HZ-A9TJ	TCGA-HZ-A9TJ-01A	Primary Tumor
284c58ee-b128-4d55-911c-1207d003ce52	87b4e79a-2e86-4b8a-a002-d6df81905fde.rna_seq.augmented_star_gene_counts.tsv	Transcriptome Profiling	Gene Expression Quantification	TCGA-PAAD	TCGA-IB-7889	TCGA-IB-7889-01A	Primary Tumor
c7be34ee-0d68-47fa-bea9-601cc5da20cb	a7017a73-7e1f-45a9-9c78-7353acffd4d1.rna_seq.augmented_star_gene_counts.tsv	Transcriptome Profiling	Gene Expression Quantification	TCGA-PAAD	TCGA-2J-AABH	TCGA-2J-AABH-01A	Primary Tumor
e927777e-e4e2-4dfe-af34-a0b0a6342e9a	a1111943-685b-45e8-8b97-74f91f5dd048.rna_seq.augmented_star_gene_counts.tsv	Transcriptome Profiling	Gene Expression Quantification	TCGA-PAAD	TCGA-F2-7276	TCGA-F2-7276-01A	Primary Tumor
8c9053d8-cd32-42f2-a334-532b234edf2d	605193ac-e3ff-4401-9b5d-c8e76a980c37.rna_seq.augmented_star_gene_counts.tsv	Transcriptome Profiling	Gene Expression Quantification	TCGA-PAAD	TCGA-FB-AAQ6	TCGA-FB-AAQ6-01A	Primary Tumor
4d5b1ac7-1ed8-4ea7-bbaf-a83d1c5cddf3	4271b388-e311-4cb1-8e89-f031f1a7e032.rna_seq.augmented_star_gene_counts.tsv	Transcriptome Profiling	Gene Expression Quantification	TCGA-PAAD	TCGA-2J-AAB9	TCGA-2J-AAB9-01A	Primary Tumor
a566d8ee-aed0-44c2-8409-38e03bd8e545	5a723bc2-5ae6-412e-8da4-ca35d8f36830.rna_seq.augmented_star_gene_counts.tsv	Transcriptome Profiling	Gene Expression Quantification	TCGA-PAAD	TCGA-LB-A8F3	TCGA-LB-A8F3-01A	Primary Tumor
74ee5cc4-2195-4d17-ae08-837b837373fd	f95a39e2-c8c6-4721-9a29-d178254eb901.rna_seq.augmented_star_gene_counts.tsv	Transcriptome Profiling	Gene Expression Quantification	TCGA-PAAD	TCGA-3A-A9IC	TCGA-3A-A9IC-01A	Primary Tumor
812d3bd6-7bb6-4fb5-aac7-ffd7b4fcafed	fb46e88b-fc77-447a-aa41-a6791c0767e1.rna_seq.augmented_star_gene_counts.tsv	Transcriptome Profiling	Gene Expression Quantification	TCGA-PAAD	TCGA-H6-A45N	TCGA-H6-A45N-11A	Solid Tissue Normal
127d29e6-393d-40c7-8c55-1ef072e3a525	955c6c5f-bf69-4e82-b007-10bd87ce9a17.rna_seq.augmented_star_gene_counts.tsv	Transcriptome Profiling	Gene Expression Quantification	TCGA-PAAD	TCGA-2J-AAB4	TCGA-2J-AAB4-01A	Primary Tumor
508e7f55-26a6-4281-88c9-5e35d59f56c2	47b10cc3-496d-46c7-a9ef-392acb2f58d4.rna_seq.augmented_star_gene_counts.tsv	Transcriptome Profiling	Gene Expression Quantification	TCGA-PAAD	TCGA-FB-AAQ1	TCGA-FB-AAQ1-01A	Primary Tumor
103eafcd-aa33-4f6a-b3c4-a3002c951254	325070af-c5d9-485c-90d7-e194cbd7c7cb.rna_seq.augmented_star_gene_counts.tsv	Transcriptome Profiling	Gene Expression Quantification	TCGA-PAAD	TCGA-3A-A9IX	TCGA-3A-A9IX-01A	Primary Tumor
35e2ac4f-1f27-4c48-9a15-9bb66a81b6ac	92aa0849-b81d-47b7-877a-7e1af6193053.rna_seq.augmented_star_gene_counts.tsv	Transcriptome Profiling	Gene Expression Quantification	TCGA-PAAD	TCGA-F2-A8YN	TCGA-F2-A8YN-01A	Primary Tumor
84d8e8f1-fe75-46bb-9693-423d055c7fd1	6f02939a-7dc3-47d6-9376-87251ea37d42.rna_seq.augmented_star_gene_counts.tsv	Transcriptome Profiling	Gene Expression Quantification	TCGA-PAAD	TCGA-IB-AAUN	TCGA-IB-AAUN-01A	Primary Tumor
d73129d0-ec0b-46eb-817a-320040bc305d	00bb756b-d7e2-4008-9a96-a706e43649eb.rna_seq.augmented_star_gene_counts.tsv	Transcriptome Profiling	Gene Expression Quantification	TCGA-PAAD	TCGA-IB-7893	TCGA-IB-7893-01A	Primary Tumor
588c9433-14c3-461e-8c00-013abd90eb1c	2caf9104-4f92-4389-bf2a-c27ffe506f59.rna_seq.augmented_star_gene_counts.tsv	Transcriptome Profiling	Gene Expression Quantification	TCGA-PAAD	TCGA-IB-AAUT	TCGA-IB-AAUT-01A	Primary Tumor
1c49d2cb-2071-473f-a517-2010e28475ab	002de81c-60f8-4933-a0ea-43701990ac43.rna_seq.augmented_star_gene_counts.tsv	Transcriptome Profiling	Gene Expression Quantification	TCGA-PAAD	TCGA-IB-A7M4	TCGA-IB-A7M4-01A	Primary Tumor
f624a728-7487-4621-8453-ee758398b506	6dfb777e-74f0-419c-9af3-ec7bbb9047c5.rna_seq.augmented_star_gene_counts.tsv	Transcriptome Profiling	Gene Expression Quantification	TCGA-PAAD	TCGA-HZ-7919	TCGA-HZ-7919-01A	Primary Tumor
89ddb133-8f62-4be4-8569-bf184c94652d	8a0383a7-bb13-4a38-9c88-842421b30a29.rna_seq.augmented_star_gene_counts.tsv	Transcriptome Profiling	Gene Expression Quantification	TCGA-PAAD	TCGA-XN-A8T3	TCGA-XN-A8T3-01A	Primary Tumor
1a96328e-49a7-4655-abcd-d463138f457f	033fbcc1-7984-4946-ba49-cd58bb641b0b.rna_seq.augmented_star_gene_counts.tsv	Transcriptome Profiling	Gene Expression Quantification	TCGA-PAAD	TCGA-FB-AAPQ	TCGA-FB-AAPQ-01A	Primary Tumor
f6e10a0d-b15f-46a9-909a-0a9fa7a130bd	a527dbe2-ff8a-4351-9bf8-3477d3c008de.rna_seq.augmented_star_gene_counts.tsv	Transcriptome Profiling	Gene Expression Quantification	TCGA-PAAD	TCGA-H6-8124	TCGA-H6-8124-11A	Solid Tissue Normal
6230d096-38d0-4945-ac66-3811160f11f6	1761b0c4-9fa5-4660-a9a4-0cb973e96f8d.rna_seq.augmented_star_gene_counts.tsv	Transcriptome Profiling	Gene Expression Quantification	TCGA-PAAD	TCGA-HZ-7920	TCGA-HZ-7920-01A	Primary Tumor
6671afe0-b094-4d02-8bdf-02e6660cea94	1c6e7117-0a83-4b40-bbce-9cb537343333.rna_seq.augmented_star_gene_counts.tsv	Transcriptome Profiling	Gene Expression Quantification	TCGA-PAAD	TCGA-US-A779	TCGA-US-A779-01A	Primary Tumor
c1613f9f-e93a-426c-a750-54895e588067	e9ff80cc-fa41-4b9c-ae1d-c9b58f005e6f.rna_seq.augmented_star_gene_counts.tsv	Transcriptome Profiling	Gene Expression Quantification	TCGA-PAAD	TCGA-HV-A7OL	TCGA-HV-A7OL-01A	Primary Tumor
59c11d1d-90c4-4857-91e3-bc12183c6282	5a109534-610c-4baf-8391-392171c753bf.rna_seq.augmented_star_gene_counts.tsv	Transcriptome Profiling	Gene Expression Quantification	TCGA-PAAD	TCGA-F2-6880	TCGA-F2-6880-01A	Primary Tumor
75b208f8-8cf4-4857-a717-707a65111282	ad230bbb-3436-4c63-ac1c-fd5e676432df.rna_seq.augmented_star_gene_counts.tsv	Transcriptome Profiling	Gene Expression Quantification	TCGA-PAAD	TCGA-XD-AAUI	TCGA-XD-AAUI-01A	Primary Tumor
6ba6db00-39b0-4627-b5de-4438f75c5cf2	c1f4176e-f133-4888-a59c-0938932a7f5c.rna_seq.augmented_star_gene_counts.tsv	Transcriptome Profiling	Gene Expression Quantification	TCGA-PAAD	TCGA-HZ-A4BK	TCGA-HZ-A4BK-01A	Primary Tumor
ef0f7a22-52d3-4f00-a5f2-8679f5088430	716865fd-c637-4ab5-b41e-2863ee58734a.rna_seq.augmented_star_gene_counts.tsv	Transcriptome Profiling	Gene Expression Quantification	TCGA-PAAD	TCGA-RB-A7B8	TCGA-RB-A7B8-01A	Primary Tumor
9acf5e5d-4397-49bd-9a24-bdda7d6b944e	ab02c8e2-e810-476a-a11c-ca95f7877b29.rna_seq.augmented_star_gene_counts.tsv	Transcriptome Profiling	Gene Expression Quantification	TCGA-PAAD	TCGA-HV-A5A5	TCGA-HV-A5A5-01A	Primary Tumor
ce1b2f4c-4a19-4529-9a05-4212ac140ebb	7d5d4419-5c0d-4f23-9463-04df885a4c52.rna_seq.augmented_star_gene_counts.tsv	Transcriptome Profiling	Gene Expression Quantification	TCGA-PAAD	TCGA-FB-AAPZ	TCGA-FB-AAPZ-01A	Primary Tumor
0e23faa2-0df2-4140-aec5-ba8e840844ea	feec3523-951e-4541-8664-2a71adfdecb5.rna_seq.augmented_star_gene_counts.tsv	Transcriptome Profiling	Gene Expression Quantification	TCGA-PAAD	TCGA-IB-A7LX	TCGA-IB-A7LX-01A	Primary Tumor
7ed77068-1209-4a88-8896-201a5fca9cfa	7753edeb-4aba-4ddc-9032-569941d285dd.rna_seq.augmented_star_gene_counts.tsv	Transcriptome Profiling	Gene Expression Quantification	TCGA-PAAD	TCGA-H8-A6C1	TCGA-H8-A6C1-01A	Primary Tumor
7e1b5fe0-34c4-4144-9964-0f16e904dad0	ea6626d3-7799-4481-b545-f78988ed5ece.rna_seq.augmented_star_gene_counts.tsv	Transcriptome Profiling	Gene Expression Quantification	TCGA-PAAD	TCGA-3A-A9J0	TCGA-3A-A9J0-01A	Primary Tumor
89ba298b-7453-494f-a80f-3cb8b8bbfdd0	9328ab3a-5598-4d1d-8a48-d194b336c84e.rna_seq.augmented_star_gene_counts.tsv	Transcriptome Profiling	Gene Expression Quantification	TCGA-PAAD	TCGA-HZ-A49G	TCGA-HZ-A49G-01A	Primary Tumor
30d82c00-417a-42b1-8b59-6815cce20578	63eb80b7-b83d-4937-a2e3-1be163c17bad.rna_seq.augmented_star_gene_counts.tsv	Transcriptome Profiling	Gene Expression Quantification	TCGA-PAAD	TCGA-2L-AAQE	TCGA-2L-AAQE-01A	Primary Tumor
f54820a6-a987-4c81-a888-ac9ca590d4a7	f658fea2-ce6f-446d-8c62-8649e7d25749.rna_seq.augmented_star_gene_counts.tsv	Transcriptome Profiling	Gene Expression Quantification	TCGA-PAAD	TCGA-IB-AAUP	TCGA-IB-AAUP-01A	Primary Tumor
0c098157-254b-492b-ad08-54cf813814d9	0c7c39b2-e01c-4df4-bfce-abae7985ef79.rna_seq.augmented_star_gene_counts.tsv	Transcriptome Profiling	Gene Expression Quantification	TCGA-PAAD	TCGA-FB-AAPY	TCGA-FB-AAPY-01A	Primary Tumor
7ca10400-9647-4766-98bf-b5c8130346d0	a66b9c55-0fcb-4a4b-a470-ce31ab62f91c.rna_seq.augmented_star_gene_counts.tsv	Transcriptome Profiling	Gene Expression Quantification	TCGA-PAAD	TCGA-3A-A9IU	TCGA-3A-A9IU-01A	Primary Tumor
b68f005a-2bca-4dee-a767-01113e5e7a5a	5f076102-f8ce-46c3-8dcd-0cbbb27bea1e.rna_seq.augmented_star_gene_counts.tsv	Transcriptome Profiling	Gene Expression Quantification	TCGA-PAAD	TCGA-HZ-7922	TCGA-HZ-7922-01A	Primary Tumor
580badbf-e323-43fc-b783-e89b52302d3b	ca2a821b-4283-4488-916d-273551088813.rna_seq.augmented_star_gene_counts.tsv	Transcriptome Profiling	Gene Expression Quantification	TCGA-PAAD	TCGA-F2-A44G	TCGA-F2-A44G-01A	Primary Tumor
fc97efd2-4c4e-42c1-ad65-256d40b6d3c7	565a849f-f89f-4e3e-9321-71ff329610b3.rna_seq.augmented_star_gene_counts.tsv	Transcriptome Profiling	Gene Expression Quantification	TCGA-PAAD	TCGA-3A-A9IV	TCGA-3A-A9IV-01A	Primary Tumor
25179d11-adde-4105-a3cb-ecfa7ea16b33	6923afa8-522b-4f3d-9614-a7f789f9e379.rna_seq.augmented_star_gene_counts.tsv	Transcriptome Profiling	Gene Expression Quantification	TCGA-PAAD	TCGA-3E-AAAZ	TCGA-3E-AAAZ-01A	Primary Tumor
ca8190ae-3d6c-4550-a079-2c873f98f80a	24fca41d-bea2-4948-8689-2c56c82eaecf.rna_seq.augmented_star_gene_counts.tsv	Transcriptome Profiling	Gene Expression Quantification	TCGA-PAAD	TCGA-3A-A9IZ	TCGA-3A-A9IZ-01A	Primary Tumor
8bff1374-4e7d-4229-afe3-94aaa2cea9e0	68c6543a-fc7b-494e-96be-ed86b226446c.rna_seq.augmented_star_gene_counts.tsv	Transcriptome Profiling	Gene Expression Quantification	TCGA-PAAD	TCGA-2L-AAQM	TCGA-2L-AAQM-01A	Primary Tumor
b26890fb-cbd6-4dc0-8f3f-cca025a61225	f63aa3d3-691a-4dd2-9809-dcc83513b5e0.rna_seq.augmented_star_gene_counts.tsv	Transcriptome Profiling	Gene Expression Quantification	TCGA-PAAD	TCGA-Q3-AA2A	TCGA-Q3-AA2A-01A	Primary Tumor
3f69c795-598c-491f-b4ae-3812a974daa3	153621f4-18e1-42fd-bcaf-4f256975eda6.rna_seq.augmented_star_gene_counts.tsv	Transcriptome Profiling	Gene Expression Quantification	TCGA-PAAD	TCGA-IB-AAUU	TCGA-IB-AAUU-01A	Primary Tumor
aecb9796-a4fe-4b4d-99b2-0b661d8a3887	344f409f-44f2-4853-bd3d-6b96e8bc82ca.rna_seq.augmented_star_gene_counts.tsv	Transcriptome Profiling	Gene Expression Quantification	TCGA-PAAD	TCGA-2J-AABU	TCGA-2J-AABU-01A	Primary Tumor
789ebf62-b31b-4ee1-86d5-b33b07d8bb33	21a0337b-1967-4c99-986c-71786f20bc78.rna_seq.augmented_star_gene_counts.tsv	Transcriptome Profiling	Gene Expression Quantification	TCGA-PAAD	TCGA-HZ-A77Q	TCGA-HZ-A77Q-01A	Primary Tumor
9b95c108-d893-4023-abd1-3f714f08b2a4	4744f23f-1d20-4932-b811-124f3656b379.rna_seq.augmented_star_gene_counts.tsv	Transcriptome Profiling	Gene Expression Quantification	TCGA-PAAD	TCGA-3A-A9IR	TCGA-3A-A9IR-01A	Primary Tumor
26842740-dfe2-4b42-b625-1f5719500851	8d66e030-d1a9-4948-92e7-4cdbac247c2d.rna_seq.augmented_star_gene_counts.tsv	Transcriptome Profiling	Gene Expression Quantification	TCGA-PAAD	TCGA-S4-A8RO	TCGA-S4-A8RO-01A	Primary Tumor
9e839f31-9cfb-42b7-a279-32ea4445903b	cb3be2e6-3f8a-4918-8c04-8b4af2e55616.rna_seq.augmented_star_gene_counts.tsv	Transcriptome Profiling	Gene Expression Quantification	TCGA-PAAD	TCGA-HZ-A49H	TCGA-HZ-A49H-01A	Primary Tumor
4a1c8620-73ce-4be9-ae64-589afb3007d9	4ce54c3c-0ede-4921-8a6f-97478e184c7c.rna_seq.augmented_star_gene_counts.tsv	Transcriptome Profiling	Gene Expression Quantification	TCGA-PAAD	TCGA-2J-AABO	TCGA-2J-AABO-01A	Primary Tumor
0e94fd0c-0f14-412a-80c3-7cb8b9d01c75	84c750b5-1e66-45d3-be5c-dd1d21853483.rna_seq.augmented_star_gene_counts.tsv	Transcriptome Profiling	Gene Expression Quantification	TCGA-PAAD	TCGA-XN-A8T5	TCGA-XN-A8T5-01A	Primary Tumor
9e459810-a982-4f7d-a6b3-ab1ac35bea62	af54f762-0442-45c9-ba86-840437323ba6.rna_seq.augmented_star_gene_counts.tsv	Transcriptome Profiling	Gene Expression Quantification	TCGA-PAAD	TCGA-HZ-7923	TCGA-HZ-7923-01A	Primary Tumor
6604da06-00ac-4894-92c6-4a7c0b48acd3	e1f5eba9-3575-499e-bd32-1f9d7e8c9d6a.rna_seq.augmented_star_gene_counts.tsv	Transcriptome Profiling	Gene Expression Quantification	TCGA-PAAD	TCGA-YB-A89D	TCGA-YB-A89D-11A	Solid Tissue Normal
786ce56f-1b04-4941-a9ea-5722715d42f2	78b8fd46-5fe7-4d59-8619-ed4b4a8ff5d2.rna_seq.augmented_star_gene_counts.tsv	Transcriptome Profiling	Gene Expression Quantification	TCGA-PAAD	TCGA-IB-AAUQ	TCGA-IB-AAUQ-01A	Primary Tumor
4fb9dcda-853a-41e5-b840-8595f0c6927e	e720a8b3-86ab-411f-87c4-4247529ce823.rna_seq.augmented_star_gene_counts.tsv	Transcriptome Profiling	Gene Expression Quantification	TCGA-PAAD	TCGA-HV-A5A3	TCGA-HV-A5A3-11A	Solid Tissue Normal
024ade99-be76-426d-b392-bdd488eed535	57399a31-429d-47de-9bc6-bab6e816aa91.rna_seq.augmented_star_gene_counts.tsv	Transcriptome Profiling	Gene Expression Quantification	TCGA-PAAD	TCGA-3A-A9IN	TCGA-3A-A9IN-01A	Primary Tumor
9ee5108b-9bce-407d-ae5a-075322882c00	565a5e5b-7bcc-4ec6-8dda-53524037cc86.rna_seq.augmented_star_gene_counts.tsv	Transcriptome Profiling	Gene Expression Quantification	TCGA-PAAD	TCGA-HV-AA8V	TCGA-HV-AA8V-01A	Primary Tumor
8044f5b4-6b45-408c-b0fe-059e773e401e	6e7fb389-a285-4c22-8d7a-a1fc10190c53.rna_seq.augmented_star_gene_counts.tsv	Transcriptome Profiling	Gene Expression Quantification	TCGA-PAAD	TCGA-HZ-7926	TCGA-HZ-7926-01A	Primary Tumor
3386c8d6-43ac-4149-ae83-d6f479bad39a	7fc44145-9e29-4f03-b15a-0d07482aaa9c.rna_seq.augmented_star_gene_counts.tsv	Transcriptome Profiling	Gene Expression Quantification	TCGA-PAAD	TCGA-IB-7886	TCGA-IB-7886-01A	Primary Tumor
d192cdd3-1eef-4579-ab22-e11dd9b8030c	9379e3ff-7aa5-4c80-81f8-c3d328e4c473.rna_seq.augmented_star_gene_counts.tsv	Transcriptome Profiling	Gene Expression Quantification	TCGA-PAAD	TCGA-IB-7897	TCGA-IB-7897-01A	Primary Tumor
9a48d83c-2674-48e6-a023-84170bf31145	ebf880a4-a168-49e9-b861-d1fc1a8b7d27.rna_seq.augmented_star_gene_counts.tsv	Transcriptome Profiling	Gene Expression Quantification	TCGA-PAAD	TCGA-HZ-8315	TCGA-HZ-8315-01A	Primary Tumor
333abc63-0410-4b63-b64d-11ecb404305e	d04f25f3-9c96-4f44-befe-a68d9e555cc8.rna_seq.augmented_star_gene_counts.tsv	Transcriptome Profiling	Gene Expression Quantification	TCGA-PAAD	TCGA-FB-AAPU	TCGA-FB-AAPU-01A	Primary Tumor
8fafe83c-9f15-40c7-ae4e-f1955b8d17ee	8ccaefb1-3db4-464e-8559-d5bb0e0933eb.rna_seq.augmented_star_gene_counts.tsv	Transcriptome Profiling	Gene Expression Quantification	TCGA-PAAD	TCGA-FB-A4P5	TCGA-FB-A4P5-01A	Primary Tumor
124ae6a1-e656-4f54-84b2-0df788351384	3330751a-3bbb-4e63-9ae1-07112711cdb4.rna_seq.augmented_star_gene_counts.tsv	Transcriptome Profiling	Gene Expression Quantification	TCGA-PAAD	TCGA-IB-7646	TCGA-IB-7646-01A	Primary Tumor
1985d153-e7f9-44e7-99f9-d71b5d4d565e	2b532c49-f23c-4515-a36c-8f6f282797de.rna_seq.augmented_star_gene_counts.tsv	Transcriptome Profiling	Gene Expression Quantification	TCGA-PAAD	TCGA-IB-AAUO	TCGA-IB-AAUO-01A	Primary Tumor
5efe330b-4d57-4b26-a732-7bcabab3b863	b274360b-05bd-4509-af48-9e7772d4ff97.rna_seq.augmented_star_gene_counts.tsv	Transcriptome Profiling	Gene Expression Quantification	TCGA-PAAD	TCGA-2L-AAQA	TCGA-2L-AAQA-01A	Primary Tumor
715a5638-c83d-4beb-9caf-f01047ec7a81	254c37c1-6281-4a97-9dc1-31afd37830d0.rna_seq.augmented_star_gene_counts.tsv	Transcriptome Profiling	Gene Expression Quantification	TCGA-PAAD	TCGA-F2-A7TX	TCGA-F2-A7TX-01A	Primary Tumor
d2e361de-6670-428b-ae73-7b2ea49e743a	73dfe663-7d60-4317-843b-d4933353abb6.rna_seq.augmented_star_gene_counts.tsv	Transcriptome Profiling	Gene Expression Quantification	TCGA-PAAD	TCGA-L1-A7W4	TCGA-L1-A7W4-01A	Primary Tumor
e916054b-02b5-4f02-8c21-940c14683ced	5b8c5785-522d-4bf5-a923-b687689ed076.rna_seq.augmented_star_gene_counts.tsv	Transcriptome Profiling	Gene Expression Quantification	TCGA-PAAD	TCGA-FB-AAQ2	TCGA-FB-AAQ2-01A	Primary Tumor
913f4a45-995e-4fc3-b093-b5d80c060898	7e1f6d87-d16d-448d-a359-bca0058acf84.rna_seq.augmented_star_gene_counts.tsv	Transcriptome Profiling	Gene Expression Quantification	TCGA-PAAD	TCGA-3A-A9IO	TCGA-3A-A9IO-01A	Primary Tumor
3e88a838-0909-4b94-8747-9003414d422d	cb605953-8860-4563-8e64-210c886b4d65.rna_seq.augmented_star_gene_counts.tsv	Transcriptome Profiling	Gene Expression Quantification	TCGA-PAAD	TCGA-FB-A5VM	TCGA-FB-A5VM-01A	Primary Tumor
eea4fe20-4aa1-4cbc-8246-29661fb2ff71	b3d71674-f3c8-4841-8bc6-02621602181d.rna_seq.augmented_star_gene_counts.tsv	Transcriptome Profiling	Gene Expression Quantification	TCGA-PAAD	TCGA-HZ-8317	TCGA-HZ-8317-01A	Primary Tumor
3e270d2f-1ba3-4c2f-8eaf-55b97080fdab	aca09caf-1047-4d60-8544-69ba12047a00.rna_seq.augmented_star_gene_counts.tsv	Transcriptome Profiling	Gene Expression Quantification	TCGA-PAAD	TCGA-2J-AABK	TCGA-2J-AABK-01A	Primary Tumor
932c9ad0-252c-4433-bd33-a79f942f1afb	942305f2-461a-4179-8a4f-d36f1873dc0b.rna_seq.augmented_star_gene_counts.tsv	Transcriptome Profiling	Gene Expression Quantification	TCGA-PAAD	TCGA-FB-A7DR	TCGA-FB-A7DR-01A	Primary Tumor
574e18d7-010d-48e6-ba40-db3aa3540e34	2bce0622-0b73-468c-98b2-79483fe9688d.rna_seq.augmented_star_gene_counts.tsv	Transcriptome Profiling	Gene Expression Quantification	TCGA-PAAD	TCGA-2J-AABA	TCGA-2J-AABA-01A	Primary Tumor
b4d49b83-cc71-4176-8dcd-3f7e74879e42	6080e600-bee0-48ad-bf20-e7ddd453f155.rna_seq.augmented_star_gene_counts.tsv	Transcriptome Profiling	Gene Expression Quantification	TCGA-PAAD	TCGA-IB-A5ST	TCGA-IB-A5ST-01A	Primary Tumor
330772f0-6c6f-45b6-8b22-342325fbad53	84d01517-3acf-4b2f-a404-63c2b0f9d6d8.rna_seq.augmented_star_gene_counts.tsv	Transcriptome Profiling	Gene Expression Quantification	TCGA-PAAD	TCGA-IB-A5SO	TCGA-IB-A5SO-01A	Primary Tumor
ef502468-0656-4c82-ad4c-bbbba43986be	10b614d3-7608-48fb-a20a-aad19292598a.rna_seq.augmented_star_gene_counts.tsv	Transcriptome Profiling	Gene Expression Quantification	TCGA-PAAD	TCGA-HZ-A8P1	TCGA-HZ-A8P1-01A	Primary Tumor
75bca18c-55fd-4c78-bcac-543d64d55c28	1759258a-e562-458b-ba00-de2d766db773.rna_seq.augmented_star_gene_counts.tsv	Transcriptome Profiling	Gene Expression Quantification	TCGA-PAAD	TCGA-2J-AAB6	TCGA-2J-AAB6-01A	Primary Tumor
6adf699d-16b8-436b-add5-93045cdf9b1b	37fee99c-5651-4d5c-ae20-6cf661b96f68.rna_seq.augmented_star_gene_counts.tsv	Transcriptome Profiling	Gene Expression Quantification	TCGA-PAAD	TCGA-HZ-7924	TCGA-HZ-7924-01A	Primary Tumor
a3b1025f-76a9-4088-a465-0bd3c8ab1193	d5d84944-9118-4024-916e-130345b1d88a.rna_seq.augmented_star_gene_counts.tsv	Transcriptome Profiling	Gene Expression Quantification	TCGA-PAAD	TCGA-OE-A75W	TCGA-OE-A75W-01A	Primary Tumor
eb9da5b9-3fec-473d-9cc3-01f8b897dfae	602423c5-313b-45ea-9c4b-40a5b20b170b.rna_seq.augmented_star_gene_counts.tsv	Transcriptome Profiling	Gene Expression Quantification	TCGA-PAAD	TCGA-FB-AAQ3	TCGA-FB-AAQ3-01A	Primary Tumor
a713387e-6f3f-4af2-8494-77355a54caa0	0086025e-db16-446f-83fe-27951b5cfbdb.rna_seq.augmented_star_gene_counts.tsv	Transcriptome Profiling	Gene Expression Quantification	TCGA-PAAD	TCGA-3A-A9IJ	TCGA-3A-A9IJ-01A	Primary Tumor
fcebcf5a-84d3-4a49-bf88-2ad17bbebbd6	ae2354f3-29e3-4ca1-9f28-2057b176764f.rna_seq.augmented_star_gene_counts.tsv	Transcriptome Profiling	Gene Expression Quantification	TCGA-PAAD	TCGA-YY-A8LH	TCGA-YY-A8LH-01A	Primary Tumor
245632c2-f70b-4b31-b4b4-81ff6a860bc4	90fe6068-0176-4cf8-9fd0-a5eb8d2cc090.rna_seq.augmented_star_gene_counts.tsv	Transcriptome Profiling	Gene Expression Quantification	TCGA-PAAD	TCGA-HZ-A8P0	TCGA-HZ-A8P0-01A	Primary Tumor
a4d0115d-3bb1-41df-b2a8-823cebc7104a	e8eede96-3043-4c0a-bcd0-7e4281d9f278.rna_seq.augmented_star_gene_counts.tsv	Transcriptome Profiling	Gene Expression Quantification	TCGA-PAAD	TCGA-IB-7888	TCGA-IB-7888-01A	Primary Tumor
7ba9b358-398f-4bdc-9835-7ad743aaff69	1953db7a-88ae-4d2e-be77-a1d09f4acd96.rna_seq.augmented_star_gene_counts.tsv	Transcriptome Profiling	Gene Expression Quantification	TCGA-PAAD	TCGA-IB-7891	TCGA-IB-7891-01A	Primary Tumor
e38615d5-18c8-4976-a333-b483bb5e01ac	9f7d7032-3b40-40d7-bf81-38ada138bf9f.rna_seq.augmented_star_gene_counts.tsv	Transcriptome Profiling	Gene Expression Quantification	TCGA-PAAD	TCGA-M8-A5N4	TCGA-M8-A5N4-01A	Primary Tumor
c0da3ec8-9575-4b2b-b6ef-e0b2c7670e91	ab9fdb67-d8e1-4725-8728-8532b8bdbda9.rna_seq.augmented_star_gene_counts.tsv	Transcriptome Profiling	Gene Expression Quantification	TCGA-PAAD	TCGA-HZ-8003	TCGA-HZ-8003-01A	Primary Tumor
f66069a4-d0b9-46af-9401-367c424ba19a	de01378c-dcfd-4200-b353-420b423f7587.rna_seq.augmented_star_gene_counts.tsv	Transcriptome Profiling	Gene Expression Quantification	TCGA-PAAD	TCGA-RL-AAAS	TCGA-RL-AAAS-01A	Primary Tumor
215525e7-fa5f-4495-a84d-17cd952dfcd3	d9549977-831c-4e74-a836-a30cee4acf9a.rna_seq.augmented_star_gene_counts.tsv	Transcriptome Profiling	Gene Expression Quantification	TCGA-PAAD	TCGA-HZ-8636	TCGA-HZ-8636-01A	Primary Tumor
e501087c-0bfa-4447-b7f3-4ca93b4a6c0e	2442dd44-a393-4160-a377-3082a9a825ba.rna_seq.augmented_star_gene_counts.tsv	Transcriptome Profiling	Gene Expression Quantification	TCGA-PAAD	TCGA-PZ-A5RE	TCGA-PZ-A5RE-01A	Primary Tumor
d8ee313b-643a-42fc-998f-95a7e27ee107	1fbbda1c-5972-4a55-bbce-99531a213fdb.rna_seq.augmented_star_gene_counts.tsv	Transcriptome Profiling	Gene Expression Quantification	TCGA-PAAD	TCGA-IB-A6UG	TCGA-IB-A6UG-01A	Primary Tumor
1b055aea-842c-4e66-8c0b-0fdbf707809b	da4a86db-baed-4b6f-af38-1d57c92d0c1c.rna_seq.augmented_star_gene_counts.tsv	Transcriptome Profiling	Gene Expression Quantification	TCGA-PAAD	TCGA-3A-A9IL	TCGA-3A-A9IL-01A	Primary Tumor
68cae6f7-73dd-481d-aac9-dc023e6c12d6	13219a6d-7b1f-47c1-be99-30a1e13fcc1d.rna_seq.augmented_star_gene_counts.tsv	Transcriptome Profiling	Gene Expression Quantification	TCGA-PAAD	TCGA-XD-AAUH	TCGA-XD-AAUH-01A	Primary Tumor
40f2771e-e140-46ed-b472-91c0233e6528	c60e5bb7-e2f1-4583-a0eb-1584c45e8afd.rna_seq.augmented_star_gene_counts.tsv	Transcriptome Profiling	Gene Expression Quantification	TCGA-PAAD	TCGA-IB-7651	TCGA-IB-7651-01A	Primary Tumor
188fd6b9-4291-47c9-bb04-e9e67d4b0465	2ba18b80-1f6f-4b67-9eae-59c5a932b26b.rna_seq.augmented_star_gene_counts.tsv	Transcriptome Profiling	Gene Expression Quantification	TCGA-PAAD	TCGA-IB-7890	TCGA-IB-7890-01A	Primary Tumor
90321946-18e9-4ebb-9412-2b7b4bb7b1e4	9ed859cc-42db-41aa-bda0-3248de0d84d4.rna_seq.augmented_star_gene_counts.tsv	Transcriptome Profiling	Gene Expression Quantification	TCGA-PAAD	TCGA-RB-AA9M	TCGA-RB-AA9M-01A	Primary Tumor
1244d7e1-7a90-4a47-b92b-fd93edd8561f	2315cbc2-7289-4181-92fb-4f684cce84fa.rna_seq.augmented_star_gene_counts.tsv	Transcriptome Profiling	Gene Expression Quantification	TCGA-PAAD	TCGA-3A-A9IB	TCGA-3A-A9IB-01A	Primary Tumor
b9632740-926c-44ce-afc3-a312375440f2	a56d2aa1-72de-453e-9a7f-9c52dca0a991.rna_seq.augmented_star_gene_counts.tsv	Transcriptome Profiling	Gene Expression Quantification	TCGA-PAAD	TCGA-HV-A5A6	TCGA-HV-A5A6-01A	Primary Tumor
3af1813a-c75f-45d8-8289-d19e6979f919	d7e25a74-df57-410a-852a-a9873910ec5e.rna_seq.augmented_star_gene_counts.tsv	Transcriptome Profiling	Gene Expression Quantification	TCGA-PAAD	TCGA-2J-AAB8	TCGA-2J-AAB8-01A	Primary Tumor
60a6a0c1-f871-43b7-94ae-668dfb7035f7	e33a7d0d-d750-4313-9f15-1ff4fcf15c0b.rna_seq.augmented_star_gene_counts.tsv	Transcriptome Profiling	Gene Expression Quantification	TCGA-PAAD	TCGA-Z5-AAPL	TCGA-Z5-AAPL-01A	Primary Tumor
b1df6411-4c72-4e3f-bcdb-9b446386f4ed	1667998e-06dc-4330-a9b1-a84ad7ed61fa.rna_seq.augmented_star_gene_counts.tsv	Transcriptome Profiling	Gene Expression Quantification	TCGA-PAAD	TCGA-IB-7644	TCGA-IB-7644-01A	Primary Tumor
1b31e73d-5229-4a65-b629-1371f8aa8b62	ff804715-fce5-49ca-87fa-fc5709227890.rna_seq.augmented_star_gene_counts.tsv	Transcriptome Profiling	Gene Expression Quantification	TCGA-PAAD	TCGA-HZ-8638	TCGA-HZ-8638-01A	Primary Tumor
c5b35b34-cf5e-4168-8aec-79a7df72da0e	5d3aa278-9953-4280-a365-5fd092511fe0.rna_seq.augmented_star_gene_counts.tsv	Transcriptome Profiling	Gene Expression Quantification	TCGA-PAAD	TCGA-US-A77G	TCGA-US-A77G-01A	Primary Tumor
3d055cb9-0bad-46bf-8579-259aac4607a2	96209712-4352-493e-a9e2-f36f2130e3fe.rna_seq.augmented_star_gene_counts.tsv	Transcriptome Profiling	Gene Expression Quantification	TCGA-PAAD	TCGA-US-A774	TCGA-US-A774-01A	Primary Tumor
2542cead-e252-4c01-bd34-8cf170d49f4f	0b01cc4f-cc4d-4971-8956-1fe5325555df.rna_seq.augmented_star_gene_counts.tsv	Transcriptome Profiling	Gene Expression Quantification	TCGA-PAAD	TCGA-HZ-8001	TCGA-HZ-8001-01A	Primary Tumor
a1a0185a-0e2e-4988-843f-da28c341841a	af27f011-fff5-45c6-a7a4-523fee071cb5.rna_seq.augmented_star_gene_counts.tsv	Transcriptome Profiling	Gene Expression Quantification	TCGA-PAAD	TCGA-IB-A5SP	TCGA-IB-A5SP-01A	Primary Tumor
7cb069c7-4347-4d73-aad1-dee5cd15565b	827973c5-466c-4098-8f33-e92a3b52160c.rna_seq.augmented_star_gene_counts.tsv	Transcriptome Profiling	Gene Expression Quantification	TCGA-PAAD	TCGA-2L-AAQI	TCGA-2L-AAQI-01A	Primary Tumor
818a7d3a-8c14-4fd6-83f1-000cca2be04b	0dd7a05f-bbe4-4fd7-98cc-4b90568be8fc.rna_seq.augmented_star_gene_counts.tsv	Transcriptome Profiling	Gene Expression Quantification	TCGA-PAAD	TCGA-IB-7645	TCGA-IB-7645-01A	Primary Tumor
8e33355f-179c-4184-a333-ca1f70978744	66334760-e2e2-4068-84f2-ce49ecd473cb.rna_seq.augmented_star_gene_counts.tsv	Transcriptome Profiling	Gene Expression Quantification	TCGA-PAAD	TCGA-IB-7647	TCGA-IB-7647-01A	Primary Tumor
ec2ef60e-c050-419b-8652-f0dc7ef6b9d4	78a82c9b-39a9-4f8f-b991-272e7e81649f.rna_seq.augmented_star_gene_counts.tsv	Transcriptome Profiling	Gene Expression Quantification	TCGA-PAAD	TCGA-3A-A9I5	TCGA-3A-A9I5-01A	Primary Tumor
74f8a777-aab6-4e45-b8b7-0bc69b28f809	efd6d79b-58d6-456a-b9c5-da8ee3e32ac7.rna_seq.augmented_star_gene_counts.tsv	Transcriptome Profiling	Gene Expression Quantification	TCGA-PAAD	TCGA-FB-A545	TCGA-FB-A545-01A	Primary Tumor
df5a3f1d-5206-4318-a62b-39f221a4cd08	c9b38300-fa2c-435e-a529-1fb457355e64.rna_seq.augmented_star_gene_counts.tsv	Transcriptome Profiling	Gene Expression Quantification	TCGA-PAAD	TCGA-YB-A89D	TCGA-YB-A89D-01A	Primary Tumor
5cf04570-9415-4187-b8fc-4d0452c4d363	44619d19-8ff1-4dbc-a943-732ad6faaa72.rna_seq.augmented_star_gene_counts.tsv	Transcriptome Profiling	Gene Expression Quantification	TCGA-PAAD	TCGA-H6-A45N	TCGA-H6-A45N-01A	Primary Tumor
2b89b4e4-a150-44cb-b533-4d55272841d6	13dbd84c-b0da-45bc-8c6a-8e215672b157.rna_seq.augmented_star_gene_counts.tsv	Transcriptome Profiling	Gene Expression Quantification	TCGA-PAAD	TCGA-FB-AAPP	TCGA-FB-AAPP-01A	Primary Tumor
c5f8609e-0a71-47ae-a0b3-1f84ebe797d4	7f20cdf2-1e08-4e57-bbf4-bbc917b5a513.rna_seq.augmented_star_gene_counts.tsv	Transcriptome Profiling	Gene Expression Quantification	TCGA-PAAD	TCGA-3E-AAAY	TCGA-3E-AAAY-01A	Primary Tumor
e7d4642f-3531-4ac1-9225-be76033ae612	e492afcd-ac57-4f64-a6ba-bf14dde00848.rna_seq.augmented_star_gene_counts.tsv	Transcriptome Profiling	Gene Expression Quantification	CPTAC-3	C3L-01054	C3L-01054-04	Primary Tumor
b91a63e0-e7f5-4d90-ac50-6d8d67dc1a74	a115123a-e10d-4f46-b069-9bd57e29d93b.rna_seq.augmented_star_gene_counts.tsv	Transcriptome Profiling	Gene Expression Quantification	CPTAC-3	C3L-03743	C3L-03743-01	Primary Tumor
a576d257-4756-4b52-b125-68cd35145fb8	5cd00b35-2823-4ed6-bcd1-663ca6ed7395.rna_seq.augmented_star_gene_counts.tsv	Transcriptome Profiling	Gene Expression Quantification	CPTAC-3	C3L-01662	C3L-01662-03	Primary Tumor
d31422e4-4b53-409c-9121-b93caa942ce2	1495d677-f4a4-4e51-bf97-097744053240.rna_seq.augmented_star_gene_counts.tsv	Transcriptome Profiling	Gene Expression Quantification	CPTAC-3	C3L-01453	C3L-01453-04	Solid Tissue Normal
f7f76e74-5fc9-40b6-aa8e-e3cbe00aa3b3	710ac9f5-3690-4018-8c2f-974e89663f68.rna_seq.augmented_star_gene_counts.tsv	Transcriptome Profiling	Gene Expression Quantification	CPTAC-3	C3N-02998	C3N-02998-03	Primary Tumor
595c3016-8a7f-4b46-99b4-b53a04a7ba6e	5f288ded-b67d-45f9-bc13-1c901330743f.rna_seq.augmented_star_gene_counts.tsv	Transcriptome Profiling	Gene Expression Quantification	CPTAC-3	C3L-00589	C3L-00589-06	Solid Tissue Normal
29b6798e-d7fb-4514-a46c-b653924800cd	37b1dcdc-151e-4661-a924-5040ed88b284.rna_seq.augmented_star_gene_counts.tsv	Transcriptome Profiling	Gene Expression Quantification	CPTAC-3	C3N-01998	C3N-01998-01	Solid Tissue Normal
d46b24a5-38a1-438b-9e97-ac8274bb15d2	a6c2fdb2-4a59-451b-9c06-bb1ac70bb625.rna_seq.augmented_star_gene_counts.tsv	Transcriptome Profiling	Gene Expression Quantification	CPTAC-3	C3L-00599, C3L-00599, C3L-00599	C3L-00599-01, C3L-00599-03, C3L-00599-02	Primary Tumor, Primary Tumor, Primary Tumor
1e428248-8066-4d80-80cc-057ee4bed161	5ae2250b-2468-4e09-9b7c-1dbf2fa278d5.rna_seq.augmented_star_gene_counts.tsv	Transcriptome Profiling	Gene Expression Quantification	CPTAC-3	C3L-01039	C3L-01039-03	Primary Tumor
99562e7b-2095-4112-9a66-e72f07eae809	f4d82734-17f3-4e86-9eab-99acc9d8416c.rna_seq.augmented_star_gene_counts.tsv	Transcriptome Profiling	Gene Expression Quantification	CPTAC-3	C3L-01039	C3L-01039-03	Primary Tumor
e3dec453-7593-4806-8cd9-dd8a27793103	2d264d56-1c97-446e-b3b8-46ccde4eb2b4.rna_seq.augmented_star_gene_counts.tsv	Transcriptome Profiling	Gene Expression Quantification	CPTAC-3	C3L-01687, C3L-01687, C3L-01687	C3L-01687-03, C3L-01687-02, C3L-01687-01	Primary Tumor, Primary Tumor, Primary Tumor
e88e6100-8db5-4ffa-b12d-26a2dcac90aa	ee9ae2af-487d-4e5e-8f86-fd8da4c7ad2b.rna_seq.augmented_star_gene_counts.tsv	Transcriptome Profiling	Gene Expression Quantification	CPTAC-3	C3L-04848, C3L-04848	C3L-04848-03, C3L-04848-01	Primary Tumor, Primary Tumor
20def660-1fe5-4970-8b89-f5b230ffa253	5cd0492e-f8e7-4cb5-8176-c344203dc887.rna_seq.augmented_star_gene_counts.tsv	Transcriptome Profiling	Gene Expression Quantification	CPTAC-3	C3N-01899	C3N-01899-02	Primary Tumor
4caace37-eae6-4c68-ba07-98da1c309886	e171d467-9de3-4b03-ad3d-25d9a5e10a3e.rna_seq.augmented_star_gene_counts.tsv	Transcriptome Profiling	Gene Expression Quantification	CPTAC-3	C3N-01899	C3N-01899-02	Primary Tumor
a7f435b5-865e-47ff-ad96-0dd5abb3c757	258ac5de-a61a-48fd-a0e4-42f1ced454c3.rna_seq.augmented_star_gene_counts.tsv	Transcriptome Profiling	Gene Expression Quantification	CPTAC-3	C3N-00302	C3N-00302-02	Primary Tumor
912c2e3a-eba5-4cf7-9675-eec855beb8f9	32717bd5-9c6f-48f4-bf35-8be425d2cc08.rna_seq.augmented_star_gene_counts.tsv	Transcriptome Profiling	Gene Expression Quantification	CPTAC-3	C3L-00819	C3L-00819-01	Primary Tumor
eb1bbe4f-8523-4014-b5ad-2787c6521c83	ef40d986-40dd-4116-bf7d-020ebb4d70fe.rna_seq.augmented_star_gene_counts.tsv	Transcriptome Profiling	Gene Expression Quantification	CPTAC-3	C3L-02613	C3L-02613-04	Solid Tissue Normal
54c874b5-e317-4ccc-8aad-10063f47ee22	85dda493-594c-45a4-a258-b28a535dcae5.rna_seq.augmented_star_gene_counts.tsv	Transcriptome Profiling	Gene Expression Quantification	CPTAC-3	C3L-02613, C3L-02613	C3L-02613-02, C3L-02613-03	Primary Tumor, Primary Tumor
9080487f-981e-4cce-99f7-4f59c2f84e11	acc80cde-6e30-4e3c-9ed7-4ef8e295bf8c.rna_seq.augmented_star_gene_counts.tsv	Transcriptome Profiling	Gene Expression Quantification	CPTAC-3	C3L-02701	C3L-02701-02	Primary Tumor
4916cc6a-a91f-4a20-9f27-603dfb7e0348	798083df-dc16-40fe-a32d-d34469f4bd6b.rna_seq.augmented_star_gene_counts.tsv	Transcriptome Profiling	Gene Expression Quantification	CPTAC-3	C3N-02594	C3N-02594-04	Solid Tissue Normal
c48bb75a-ef75-4acd-a438-0f23b29ef649	4faac6cc-9aaf-42ee-9a5f-9efec23c5a3b.rna_seq.augmented_star_gene_counts.tsv	Transcriptome Profiling	Gene Expression Quantification	CPTAC-3	C3L-02956	C3L-02956-01	Primary Tumor
eb25e254-807a-4f75-babd-f96f2171cf7d	b284db88-ab94-489c-b10e-394df6d472d8.rna_seq.augmented_star_gene_counts.tsv	Transcriptome Profiling	Gene Expression Quantification	CPTAC-3	C3L-02956	C3L-02956-01	Primary Tumor
6e192c1e-d0ab-4659-ab66-bf6dfaed4fab	d6ec9651-473a-4e09-b857-7ee87e9ece95.rna_seq.augmented_star_gene_counts.tsv	Transcriptome Profiling	Gene Expression Quantification	CPTAC-3	C3N-03428, C3N-03428	C3N-03428-02, C3N-03428-01	Primary Tumor, Primary Tumor
a644102c-02c5-41a8-817e-650b2af79009	a86d2acb-7c35-4cad-906c-5cb64eeb542b.rna_seq.augmented_star_gene_counts.tsv	Transcriptome Profiling	Gene Expression Quantification	CPTAC-3	C3L-01637, C3L-01637	C3L-01637-02, C3L-01637-03	Primary Tumor, Primary Tumor
6c00bbec-d1d6-48f3-aab4-dcd5d0a85a54	eea03a92-14e6-4fcd-b87f-6ade065e3528.rna_seq.augmented_star_gene_counts.tsv	Transcriptome Profiling	Gene Expression Quantification	CPTAC-3	C3L-02118, C3L-02118	C3L-02118-01, C3L-02118-02	Primary Tumor, Primary Tumor
906b3f04-1fdc-43f8-b2f2-720b5b29ac6e	8d10d891-8405-41eb-9068-67c3e5e2316c.rna_seq.augmented_star_gene_counts.tsv	Transcriptome Profiling	Gene Expression Quantification	CPTAC-3	C3L-01158	C3L-01158-01	Primary Tumor
88216c24-3a0c-4e0c-9fc6-45a4e2ebe7c8	04dfe748-fcaf-498d-b4af-2ee2fcac28e0.rna_seq.augmented_star_gene_counts.tsv	Transcriptome Profiling	Gene Expression Quantification	CPTAC-3	C3N-00517	C3N-00517-05	Solid Tissue Normal
0d715741-3b90-41df-b6b2-f7ba90a7b546	100ce9dd-2a28-4632-a88e-152fc2c76692.rna_seq.augmented_star_gene_counts.tsv	Transcriptome Profiling	Gene Expression Quantification	CPTAC-3	C3N-01011	C3N-01011-06	Solid Tissue Normal
3f96ac0b-6f21-4175-9b90-f416c6719c51	a23f510f-5501-4013-a089-410d366df852.rna_seq.augmented_star_gene_counts.tsv	Transcriptome Profiling	Gene Expression Quantification	CPTAC-3	C3N-02930	C3N-02930-03	Solid Tissue Normal
22c2c681-b1f9-4a6b-aa18-77a2d8bff845	15729f08-8e0d-4eda-8f42-d3d4725a49a4.rna_seq.augmented_star_gene_counts.tsv	Transcriptome Profiling	Gene Expression Quantification	CPTAC-3	C3N-02930	C3N-02930-01	Primary Tumor
448444e5-2731-487a-bddb-3e0aa1a02155	8f95f643-5ff0-45ff-bbbc-bd112ffed36e.rna_seq.augmented_star_gene_counts.tsv	Transcriptome Profiling	Gene Expression Quantification	CPTAC-3	C3L-04072	C3L-04072-01	Primary Tumor
1259de18-8eb4-4fb1-a47d-a68cafde9bbf	f6cf2c91-ef8f-4c0d-a8cf-0c04b7df13ac.rna_seq.augmented_star_gene_counts.tsv	Transcriptome Profiling	Gene Expression Quantification	CPTAC-3	C3N-03426	C3N-03426-01	Primary Tumor
4d1851d5-5ed8-4ce0-990c-06e3431ba271	59677ed7-b1dd-4c55-8211-77d65053366c.rna_seq.augmented_star_gene_counts.tsv	Transcriptome Profiling	Gene Expression Quantification	CPTAC-3	C3L-02109, C3L-02109	C3L-02109-02, C3L-02109-03	Primary Tumor, Primary Tumor
f5d905ef-0363-492e-bf10-c5d51a801139	164118aa-fd54-4a7c-a86b-40bb1958e634.rna_seq.augmented_star_gene_counts.tsv	Transcriptome Profiling	Gene Expression Quantification	CPTAC-3	C3L-07033	C3L-07033-01	Solid Tissue Normal
54427ef8-5281-42f3-b221-da517325b7b4	7bf349b8-18c7-4880-8357-a49ab1e8fcc9.rna_seq.augmented_star_gene_counts.tsv	Transcriptome Profiling	Gene Expression Quantification	CPTAC-3	C3N-03069	C3N-03069-01	Primary Tumor
6548430a-8a90-4c04-841f-945502be3e5e	04a300fe-ee75-4664-bc13-df3d56499993.rna_seq.augmented_star_gene_counts.tsv	Transcriptome Profiling	Gene Expression Quantification	CPTAC-3	C3N-01719	C3N-01719-01	Solid Tissue Normal
1159248e-76b8-4081-a8fa-66e30b688c60	faee6e8a-b1e0-4c8d-863e-06b86964ae76.rna_seq.augmented_star_gene_counts.tsv	Transcriptome Profiling	Gene Expression Quantification	CPTAC-3	C3L-01453	C3L-01453-03	Primary Tumor
4c6455d8-79be-4245-b578-fc8608329a73	c9503ca7-e20f-46c9-92a4-6a6f637adfc5.rna_seq.augmented_star_gene_counts.tsv	Transcriptome Profiling	Gene Expression Quantification	CPTAC-3	C3N-03439	C3N-03439-02	Primary Tumor
999aca86-c6fc-43bb-a3f4-b726ded81b6d	ffd639ab-3736-4c3c-9f68-c5a2e69e2d3a.rna_seq.augmented_star_gene_counts.tsv	Transcriptome Profiling	Gene Expression Quantification	CPTAC-3	C3L-02809	C3L-02809-04	Primary Tumor
1c64b863-d7da-488b-8c82-78b989f06557	50a64961-555e-4f65-9eed-e4531ead35ac.rna_seq.augmented_star_gene_counts.tsv	Transcriptome Profiling	Gene Expression Quantification	CPTAC-3	C3N-01998, C3N-01998	C3N-01998-03, C3N-01998-02	Primary Tumor, Primary Tumor
0ef9bbce-a34d-4edc-9eab-09cbea5112ec	8432c558-85ad-47cc-8e0e-e1751589ab9c.rna_seq.augmented_star_gene_counts.tsv	Transcriptome Profiling	Gene Expression Quantification	CPTAC-3	C3L-00189, C3L-00189, C3L-00189	C3L-00189-02, C3L-00189-01, C3L-00189-03	Primary Tumor, Primary Tumor, Primary Tumor
a856b644-3ff0-4dca-a47e-a96e634d20eb	18eddaa5-3cc5-4209-939b-8d3e2cf40430.rna_seq.augmented_star_gene_counts.tsv	Transcriptome Profiling	Gene Expression Quantification	CPTAC-3	C3L-01039	C3L-01039-03	Primary Tumor
f4befdec-b768-42f6-9b70-70845aa37b6b	5f9e5b5a-d6bb-4d6c-b069-b871decfd5c7.rna_seq.augmented_star_gene_counts.tsv	Transcriptome Profiling	Gene Expression Quantification	CPTAC-3	C3L-00102	C3L-00102-01	Primary Tumor
80772c38-afdc-49cc-acba-acd394fe0047	1ba4d369-449e-4361-b121-018fccc655a6.rna_seq.augmented_star_gene_counts.tsv	Transcriptome Profiling	Gene Expression Quantification	CPTAC-3	C3N-03665	C3N-03665-01	Primary Tumor
173431ac-622b-4acb-83c2-daf26e56f917	b2e836bd-b943-474d-8dfb-ae136f78f762.rna_seq.augmented_star_gene_counts.tsv	Transcriptome Profiling	Gene Expression Quantification	CPTAC-3	C3L-00819	C3L-00819-06	Solid Tissue Normal
4a78a958-7756-4189-a14e-2e8a8e9cb259	d7cd63fc-3eac-416f-8168-d89442b8f2cd.rna_seq.augmented_star_gene_counts.tsv	Transcriptome Profiling	Gene Expression Quantification	CPTAC-3	C3N-01714	C3N-01714-02	Primary Tumor
46c4c1a5-8d64-4467-8969-c7547491af99	7df3ab21-feff-4aba-a805-f944b0595434.rna_seq.augmented_star_gene_counts.tsv	Transcriptome Profiling	Gene Expression Quantification	CPTAC-3	C3L-02888	C3L-02888-04	Solid Tissue Normal
1e15d5e7-cbef-40a8-ad10-a1e2475b4e93	c63e88dc-0061-405b-b93a-76161ad39bda.rna_seq.augmented_star_gene_counts.tsv	Transcriptome Profiling	Gene Expression Quantification	CPTAC-3	C3L-02888	C3L-02888-02	Primary Tumor
68547e21-cdb1-4a30-9b40-9f5d6dd87d8e	0202b658-d94d-42a1-8e55-8e7379f589fd.rna_seq.augmented_star_gene_counts.tsv	Transcriptome Profiling	Gene Expression Quantification	CPTAC-3	C3L-02112	C3L-02112-04	Solid Tissue Normal
5b7c8214-ba7d-4feb-8c35-6f959fd4b699	ab8eb867-e590-4f4b-ba21-1691bb035219.rna_seq.augmented_star_gene_counts.tsv	Transcriptome Profiling	Gene Expression Quantification	CPTAC-3	C3N-01385	C3N-01385-05	Solid Tissue Normal
ee571dd4-7998-4355-89a2-8321692df30f	8ff0467a-1e8a-4e07-a2ef-0834cfffef0f.rna_seq.augmented_star_gene_counts.tsv	Transcriptome Profiling	Gene Expression Quantification	CPTAC-3	C3N-01385	C3N-01385-02	Primary Tumor
2bce31e9-74b8-4742-95d6-62b63943fda8	c489a45e-719a-4659-82e5-03dfa2cd477a.rna_seq.augmented_star_gene_counts.tsv	Transcriptome Profiling	Gene Expression Quantification	CPTAC-3	C3N-03173	C3N-03173-01	Primary Tumor
48ce8b4f-6285-4dc7-9956-2ccc4af64924	fa404154-7ff0-41f6-9ce3-81412c8578b1.rna_seq.augmented_star_gene_counts.tsv	Transcriptome Profiling	Gene Expression Quantification	CPTAC-3	C3N-03173	C3N-03173-06	Solid Tissue Normal
f5267066-16ee-4598-a959-e954a8f98ec4	e2f3ddc4-0375-46c8-aa2c-e7aae5ae0f2d.rna_seq.augmented_star_gene_counts.tsv	Transcriptome Profiling	Gene Expression Quantification	CPTAC-3	C3L-03394	C3L-03394-03	Primary Tumor
4266c29d-084b-41e8-9fd0-5f25f691e545	1290d6b7-80a6-480a-b4de-5bd7633d8cc1.rna_seq.augmented_star_gene_counts.tsv	Transcriptome Profiling	Gene Expression Quantification	CPTAC-3	C3L-02463	C3L-02463-05	Solid Tissue Normal
4adac1c0-b613-481d-931b-51e2229e6f46	97a32905-48ea-42ec-8a16-a627eb7ca234.rna_seq.augmented_star_gene_counts.tsv	Transcriptome Profiling	Gene Expression Quantification	CPTAC-3	C3N-00511	C3N-00511-03	Primary Tumor
d74385ab-4350-4334-8860-da6a14325ea7	344f1e89-25fb-4f99-b158-b37ce10f7aa0.rna_seq.augmented_star_gene_counts.tsv	Transcriptome Profiling	Gene Expression Quantification	CPTAC-3	C3N-02010	C3N-02010-06	Solid Tissue Normal
eeca037e-04d4-4191-b5fc-3a47c859c033	a83cad1c-c716-4646-be4a-56eb21d62ebb.rna_seq.augmented_star_gene_counts.tsv	Transcriptome Profiling	Gene Expression Quantification	CPTAC-3	C3N-02996	C3N-02996-02	Primary Tumor
79ab062a-e479-4ef5-bca9-f37a5ddb60c9	804ef640-1ce1-4626-a2d1-1c831dbd9f93.rna_seq.augmented_star_gene_counts.tsv	Transcriptome Profiling	Gene Expression Quantification	CPTAC-3	C3N-02996	C3N-02996-04	Solid Tissue Normal
0c9134db-6d91-4ce9-80cd-abeb400b8cd1	d75759ae-3040-4b99-9a90-b691fa0d497c.rna_seq.augmented_star_gene_counts.tsv	Transcriptome Profiling	Gene Expression Quantification	CPTAC-3	C3N-02592	C3N-02592-01	Primary Tumor
fea1988a-7d1e-45e3-a0e6-c2857713dad4	c27b795e-3291-4008-9f7a-73cfdd76a76d.rna_seq.augmented_star_gene_counts.tsv	Transcriptome Profiling	Gene Expression Quantification	CPTAC-3	C3N-02944	C3N-02944-01	Primary Tumor
dbbadbf7-efe3-4490-ad98-5258a0b81907	712d7c9f-f3d5-457b-9c8f-9ade469f5c3f.rna_seq.augmented_star_gene_counts.tsv	Transcriptome Profiling	Gene Expression Quantification	CPTAC-3	C3N-03840, C3N-03840	C3N-03840-02, C3N-03840-01	Primary Tumor, Primary Tumor
3cc32755-c830-455e-abd2-7b39e6b8910c	722f42d4-1a30-4785-84b6-3ecbbb444829.rna_seq.augmented_star_gene_counts.tsv	Transcriptome Profiling	Gene Expression Quantification	CPTAC-3	C3N-04284	C3N-04284-01	Primary Tumor
ba0348dc-9b88-418e-a0be-5c84f76dcad8	76cb4a2c-de55-44b4-a97f-b4b9060ac29c.rna_seq.augmented_star_gene_counts.tsv	Transcriptome Profiling	Gene Expression Quantification	CPTAC-3	C3L-04479, C3L-04479	C3L-04479-02, C3L-04479-01	Primary Tumor, Primary Tumor
14218a20-3ef8-4dda-8575-3358be0f98c5	3af9a093-822b-44af-9877-095a2c1cf67a.rna_seq.augmented_star_gene_counts.tsv	Transcriptome Profiling	Gene Expression Quantification	CPTAC-3	C3N-00198	C3N-00198-06	Solid Tissue Normal
53ab1332-7a5b-44a7-8c47-86b6a9f6a93e	bfce5eea-c476-4dad-b139-2bd93bb043d3.rna_seq.augmented_star_gene_counts.tsv	Transcriptome Profiling	Gene Expression Quantification	CPTAC-3	C3N-00198	C3N-00198-02	Primary Tumor
5f2f4899-9bfa-4dc6-b64c-df55833f2f6f	ba09b042-bef0-4abd-a17c-b076db7b4938.rna_seq.augmented_star_gene_counts.tsv	Transcriptome Profiling	Gene Expression Quantification	CPTAC-3	C3L-01328	C3L-01328-01	Primary Tumor
7fba2963-9c6f-48ac-ad34-ad7580f4443f	03d012ac-20b7-4b78-aba1-d8eb765a4f0e.rna_seq.augmented_star_gene_counts.tsv	Transcriptome Profiling	Gene Expression Quantification	CPTAC-3	C3L-01328	C3L-01328-03	Solid Tissue Normal
c5c5938e-f093-4611-8980-0a99207cfd67	d1136672-6cd9-4690-a7d5-7b7175d32ec4.rna_seq.augmented_star_gene_counts.tsv	Transcriptome Profiling	Gene Expression Quantification	CPTAC-3	C3L-01689	C3L-01689-04	Solid Tissue Normal
b1ea7f49-c929-41c5-89eb-acab9db9c6e4	7e6e7cd0-2776-44ac-abf0-0d94d8053334.rna_seq.augmented_star_gene_counts.tsv	Transcriptome Profiling	Gene Expression Quantification	CPTAC-3	C3L-03632, C3L-03632	C3L-03632-03, C3L-03632-02	Primary Tumor, Primary Tumor
53c3da4f-8fea-43a2-ba79-f66d093e8cad	10923ee3-4b64-46f9-b197-3e44af7f24f3.rna_seq.augmented_star_gene_counts.tsv	Transcriptome Profiling	Gene Expression Quantification	CPTAC-3	C3L-00277	C3L-00277-03	Primary Tumor
14b82083-02d1-4aeb-a254-f1d7b8caf2a5	08e00d58-59bc-4aa5-bc04-1210ea2a0743.rna_seq.augmented_star_gene_counts.tsv	Transcriptome Profiling	Gene Expression Quantification	CPTAC-3	C3N-02585, C3N-02585	C3N-02585-01, C3N-02585-02	Primary Tumor, Primary Tumor
ece6e66f-9f34-42ef-a616-2cfdf5fe40c1	aad40469-8daf-4bbf-a199-c4025461ccae.rna_seq.augmented_star_gene_counts.tsv	Transcriptome Profiling	Gene Expression Quantification	CPTAC-3	C3N-00436	C3N-00436-05	Solid Tissue Normal
1aea7569-20a6-4538-a68f-fa3538f781d0	c347d280-62e3-46bf-b442-0a6aaf73f44e.rna_seq.augmented_star_gene_counts.tsv	Transcriptome Profiling	Gene Expression Quantification	CPTAC-3	C3L-01598	C3L-01598-02	Primary Tumor
8bd9e390-cd33-47dd-8fa6-0eb4077c2c88	382c05bd-dcf4-426f-890c-f00b2fc45e72.rna_seq.augmented_star_gene_counts.tsv	Transcriptome Profiling	Gene Expression Quantification	CPTAC-3	C3L-00640	C3L-00640-06	Solid Tissue Normal
070b1725-51a0-4b9e-837f-cb0f59659424	811bf653-3996-43ce-bc3b-bcdc9a2030ac.rna_seq.augmented_star_gene_counts.tsv	Transcriptome Profiling	Gene Expression Quantification	CPTAC-3	C3L-03348	C3L-03348-03	Primary Tumor
04ca4e83-069f-4452-903e-4bfb15e9bc5f	15353063-1d3e-4874-a010-60891b28858b.rna_seq.augmented_star_gene_counts.tsv	Transcriptome Profiling	Gene Expression Quantification	CPTAC-3	C3L-03348	C3L-03348-03	Primary Tumor
a686aa48-a583-45d3-b445-bb796bc225b0	fded204a-9681-47d2-bf7a-389d4469e036.rna_seq.augmented_star_gene_counts.tsv	Transcriptome Profiling	Gene Expression Quantification	CPTAC-3	C3L-03348	C3L-03348-04	Solid Tissue Normal
268e7ac7-2937-467c-87bc-2490787650ff	d86c91af-2b3f-44a7-965f-4352428824f2.rna_seq.augmented_star_gene_counts.tsv	Transcriptome Profiling	Gene Expression Quantification	CPTAC-3	C3L-04027	C3L-04027-07	Solid Tissue Normal
e7d80d32-1d9d-4cad-9688-a2be3b5898e1	c0471b88-c0a5-4c97-890a-cbd7a4e98be7.rna_seq.augmented_star_gene_counts.tsv	Transcriptome Profiling	Gene Expression Quantification	CPTAC-3	C3N-01388	C3N-01388-03	Primary Tumor
afeca748-ba83-4891-b3fb-8b00b4f8f52d	98d2b2b4-80d2-4cb1-9b15-dfdbb96ba2d4.rna_seq.augmented_star_gene_counts.tsv	Transcriptome Profiling	Gene Expression Quantification	CPTAC-3	C3N-03853, C3N-03853	C3N-03853-02, C3N-03853-01	Primary Tumor, Primary Tumor
3686c3fe-a1fb-4305-b1dc-ae5525675392	16142f13-a6b0-4d70-8475-c2f785b05c75.rna_seq.augmented_star_gene_counts.tsv	Transcriptome Profiling	Gene Expression Quantification	CPTAC-3	C3N-01012, C3N-01012	C3N-01012-02, C3N-01012-01	Primary Tumor, Primary Tumor
9e9f6c25-663d-4796-a225-60871d911834	407d3d54-9938-47b5-a9c2-eb8bfa1aa54d.rna_seq.augmented_star_gene_counts.tsv	Transcriptome Profiling	Gene Expression Quantification	CPTAC-3	C3L-01689, C3L-01689	C3L-01689-03, C3L-01689-02	Primary Tumor, Primary Tumor
d3655083-8a8b-4f02-a709-6c200884f7f6	76031eae-6009-4c28-ab35-5696948c3e3b.rna_seq.augmented_star_gene_counts.tsv	Transcriptome Profiling	Gene Expression Quantification	CPTAC-3	C3L-03123	C3L-03123-04	Solid Tissue Normal
ac77d556-8e01-4f63-8414-a951edeb6bd1	052c916b-4b27-4b07-95a4-b9196f95a960.rna_seq.augmented_star_gene_counts.tsv	Transcriptome Profiling	Gene Expression Quantification	CPTAC-3	C3L-03123	C3L-03123-02	Primary Tumor
60a6c48e-245a-428b-b925-51a1901e419b	cf5ad770-ab17-407f-99c9-5c9483847a15.rna_seq.augmented_star_gene_counts.tsv	Transcriptome Profiling	Gene Expression Quantification	CPTAC-3	C3L-02899	C3L-02899-06	Solid Tissue Normal
214fc25f-b22e-4f45-a313-af4d54bd8219	271af2f6-64bb-46e9-a3f8-5c1b8e268bdd.rna_seq.augmented_star_gene_counts.tsv	Transcriptome Profiling	Gene Expression Quantification	CPTAC-3	C3N-03211, C3N-03211	C3N-03211-02, C3N-03211-01	Primary Tumor, Primary Tumor
830686dc-7464-4938-b9b5-0eab68f9243b	a3356e9e-4919-41cd-a0f1-246c533e4883.rna_seq.augmented_star_gene_counts.tsv	Transcriptome Profiling	Gene Expression Quantification	CPTAC-3	C3L-01031	C3L-01031-01	Primary Tumor
346b8687-c747-4586-a776-28bbdef862b8	5dde233b-37cb-4bcb-9c09-fd9464e0fd27.rna_seq.augmented_star_gene_counts.tsv	Transcriptome Profiling	Gene Expression Quantification	CPTAC-3	C3L-01053	C3L-01053-01	Primary Tumor
fe13f057-93d9-45cf-b083-be3079c0895e	cd808d45-bf55-437e-b512-6943d9b565dc.rna_seq.augmented_star_gene_counts.tsv	Transcriptome Profiling	Gene Expression Quantification	CPTAC-3	C3N-00514, C3N-00514	C3N-00514-01, C3N-00514-02	Primary Tumor, Primary Tumor
ca3dad26-e33b-4361-be4a-a074a344a757	2e0ecddb-3b5a-4b71-a183-5ffc49c3aaae.rna_seq.augmented_star_gene_counts.tsv	Transcriptome Profiling	Gene Expression Quantification	CPTAC-3	C3L-01032	C3L-01032-01	Primary Tumor
ab01f5c6-75e5-4af4-aac1-d44e34221cd5	f4b4c86c-e4a0-48da-bebe-425821799f0d.rna_seq.augmented_star_gene_counts.tsv	Transcriptome Profiling	Gene Expression Quantification	CPTAC-3	C3N-03039	C3N-03039-01	Primary Tumor
d2ebf056-e935-492f-b306-610a1c2d2b43	432c7d8b-13df-4c49-96c3-99779c33f945.rna_seq.augmented_star_gene_counts.tsv	Transcriptome Profiling	Gene Expression Quantification	CPTAC-3	C3N-00249	C3N-00249-03	Primary Tumor
eade6be0-41e4-4881-aef0-8c2c4782a9c1	0f9c49f7-cd87-483c-bf5f-fb508d363b64.rna_seq.augmented_star_gene_counts.tsv	Transcriptome Profiling	Gene Expression Quantification	CPTAC-3	C3L-02610, C3L-02610	C3L-02610-03, C3L-02610-01	Primary Tumor, Primary Tumor
1d9bd7d6-052b-4358-a021-9d92eaa22b9d	74d972ea-d6d1-4c53-aa23-02e54031af53.rna_seq.augmented_star_gene_counts.tsv	Transcriptome Profiling	Gene Expression Quantification	CPTAC-3	C3L-02610	C3L-02610-04	Solid Tissue Normal
8c340d2d-0281-4aeb-8dab-7468509431ff	b6fa7c32-8223-4504-b2ba-ad9501078c78.rna_seq.augmented_star_gene_counts.tsv	Transcriptome Profiling	Gene Expression Quantification	CPTAC-3	C3L-00017	C3L-00017-04	Solid Tissue Normal
a1d1647b-8bb8-4244-9b65-ac12b742f246	7a936c08-37bd-4b05-8c63-f54217a79e1a.rna_seq.augmented_star_gene_counts.tsv	Transcriptome Profiling	Gene Expression Quantification	CPTAC-3	C3L-00017	C3L-00017-02	Primary Tumor
b38df12a-1e05-43cf-a26f-865f39742db1	40a45e2f-aa1b-4667-a4b4-b4a14d5438e6.rna_seq.augmented_star_gene_counts.tsv	Transcriptome Profiling	Gene Expression Quantification	CPTAC-3	C3N-03006	C3N-03006-02	Primary Tumor
465b727c-4464-4c38-8b30-c7090be0e74b	5a72b8a0-c606-408f-876a-27e192dac260.rna_seq.augmented_star_gene_counts.tsv	Transcriptome Profiling	Gene Expression Quantification	CPTAC-3	C3N-03670	C3N-03670-01	Primary Tumor
5c327e53-73f1-4e85-aa8a-faa7c360f711	b8763446-9db9-480a-b9a1-2da28e0ee02a.rna_seq.augmented_star_gene_counts.tsv	Transcriptome Profiling	Gene Expression Quantification	CPTAC-3	C3N-01715	C3N-01715-02	Primary Tumor
7c82b5c3-d965-4419-8823-6a3a63cca53a	551e48a0-ad8b-47f8-8277-f574573806f5.rna_seq.augmented_star_gene_counts.tsv	Transcriptome Profiling	Gene Expression Quantification	CPTAC-3	C3L-02899	C3L-02899-01	Primary Tumor
34aaddf2-f2ac-4a67-9a8c-a56c8fe78037	48c47bf1-90db-4783-ad31-42eb9ef1c10f.rna_seq.augmented_star_gene_counts.tsv	Transcriptome Profiling	Gene Expression Quantification	CPTAC-3	C3N-03884	C3N-03884-01	Primary Tumor
a3cc4437-b66d-4313-b995-48e92a66824c	367dcf06-7a92-4d68-890a-f187ebab59f9.rna_seq.augmented_star_gene_counts.tsv	Transcriptome Profiling	Gene Expression Quantification	CPTAC-3	C3L-04475, C3L-04475	C3L-04475-01, C3L-04475-02	Primary Tumor, Primary Tumor
4f6e1c5d-be60-4d96-907a-8b8260a7d835	70bfb00d-4b93-42f1-b297-893549d347c8.rna_seq.augmented_star_gene_counts.tsv	Transcriptome Profiling	Gene Expression Quantification	CPTAC-3	C3L-04475	C3L-04475-04	Solid Tissue Normal
294ea668-b600-46f7-a62f-23f8e2da9bd5	9ff18968-1df8-42cf-a7c5-0d9c1eab7a59.rna_seq.augmented_star_gene_counts.tsv	Transcriptome Profiling	Gene Expression Quantification	CPTAC-3	C3N-00436	C3N-00436-01	Primary Tumor
bb2a22a1-28dd-4c23-b525-dbbe89f23a5f	199d26ca-dbe6-4c5a-a286-5d69292dbd80.rna_seq.augmented_star_gene_counts.tsv	Transcriptome Profiling	Gene Expression Quantification	CPTAC-3	C3N-01502	C3N-01502-01	Primary Tumor
8bba442f-8f8d-4f88-ad04-183bf8e786a9	07a7e1a7-582a-455a-976e-8afc6a38ac2c.rna_seq.augmented_star_gene_counts.tsv	Transcriptome Profiling	Gene Expression Quantification	CPTAC-3	C3L-00640, C3L-00640	C3L-00640-01, C3L-00640-03	Primary Tumor, Primary Tumor
62f638ec-26b2-4adb-aaf9-f42f601176b3	f6a3f0fd-1070-44c7-a1ba-fdbbe8e43b14.rna_seq.augmented_star_gene_counts.tsv	Transcriptome Profiling	Gene Expression Quantification	CPTAC-3	C3L-03628, C3L-03628	C3L-03628-02, C3L-03628-01	Primary Tumor, Primary Tumor
a392b0e4-6be5-47e7-baa9-8636c341b221	3fa44e58-2d9f-49c0-a11a-e427df7e70a5.rna_seq.augmented_star_gene_counts.tsv	Transcriptome Profiling	Gene Expression Quantification	CPTAC-3	C3N-01381, C3N-01381	C3N-01381-02, C3N-01381-01	Primary Tumor, Primary Tumor
d2ce2e04-34c5-4399-ae76-983884159092	ed77f8f1-2581-40cb-9bfb-409228768c34.rna_seq.augmented_star_gene_counts.tsv	Transcriptome Profiling	Gene Expression Quantification	CPTAC-3	C3L-04027	C3L-04027-01	Primary Tumor
6e63499c-2fe1-4c41-91d0-fcb46a7171bb	8845e9dd-a4f9-4f31-bd74-a792af1b7649.rna_seq.augmented_star_gene_counts.tsv	Transcriptome Profiling	Gene Expression Quantification	CPTAC-3	C3L-02115, C3L-02115	C3L-02115-02, C3L-02115-03	Primary Tumor, Primary Tumor
9e0dcf18-7514-4eab-80cf-8ff5826ed201	bbb45804-62bf-494b-8267-8c6f4e725638.rna_seq.augmented_star_gene_counts.tsv	Transcriptome Profiling	Gene Expression Quantification	CPTAC-3	C3L-02116, C3L-02116	C3L-02116-03, C3L-02116-01	Primary Tumor, Primary Tumor
6f2298ed-fa23-4e36-a3d8-448c92b79557	eabd7818-81b1-4b52-bb88-b43543ccafe2.rna_seq.augmented_star_gene_counts.tsv	Transcriptome Profiling	Gene Expression Quantification	CPTAC-3	C3N-01375, C3N-01375	C3N-01375-02, C3N-01375-03	Primary Tumor, Primary Tumor
3069e6ff-0474-4f02-8fd9-af22fe0cf5d6	23b7838d-6379-4da8-960c-d7ed8fb2bc3d.rna_seq.augmented_star_gene_counts.tsv	Transcriptome Profiling	Gene Expression Quantification	CPTAC-3	C3N-01898	C3N-01898-04	Primary Tumor
b838a048-7b84-4104-8bbd-2431b5294797	505de8be-2e32-4b9c-b052-d41e28b32caa.rna_seq.augmented_star_gene_counts.tsv	Transcriptome Profiling	Gene Expression Quantification	CPTAC-3	C3N-01716	C3N-01716-03	Primary Tumor
b99b30f7-2b2d-4068-a9fc-8f22c454a663	8094974c-f07b-44ec-b2c4-b1c0f6e4f5ff.rna_seq.augmented_star_gene_counts.tsv	Transcriptome Profiling	Gene Expression Quantification	CPTAC-3	C3N-02765	C3N-02765-02	Primary Tumor
2585d1f5-3e3d-4bcd-b5d2-6c049ee8116d	75c585cd-05ce-442d-b4b4-4f643681dd1c.rna_seq.augmented_star_gene_counts.tsv	Transcriptome Profiling	Gene Expression Quantification	CPTAC-3	C3N-02295	C3N-02295-04	Primary Tumor
57639a8b-69b0-4fee-970b-df12895edbbe	8532f910-fa71-4831-aec8-ac6a57655f59.rna_seq.augmented_star_gene_counts.tsv	Transcriptome Profiling	Gene Expression Quantification	CPTAC-3	C3N-00513, C3N-00513	C3N-00513-03, C3N-00513-04	Primary Tumor, Primary Tumor
a48f5764-ce97-44e8-ad8f-b56bdcaba594	69c378d4-e172-4fc9-9d12-232ce55e5eae.rna_seq.augmented_star_gene_counts.tsv	Transcriptome Profiling	Gene Expression Quantification	CPTAC-3	C3N-01897	C3N-01897-01	Primary Tumor
31797fbd-5510-4d34-b94b-9f995eb290c4	e0349eba-49e3-4f31-b705-32f0f66254f6.rna_seq.augmented_star_gene_counts.tsv	Transcriptome Profiling	Gene Expression Quantification	CPTAC-3	C3N-02754	C3N-02754-01	Primary Tumor
ffce0977-9f3a-4a09-8540-b596dd0a161c	6928c457-682e-4237-ba61-51358700f73e.rna_seq.augmented_star_gene_counts.tsv	Transcriptome Profiling	Gene Expression Quantification	CPTAC-3	C3N-02754	C3N-02754-03	Solid Tissue Normal
562eebef-7586-424d-af13-0145cdff006b	a51e93e3-a568-4a99-9e95-b67b57a21196.rna_seq.augmented_star_gene_counts.tsv	Transcriptome Profiling	Gene Expression Quantification	CPTAC-3	C3N-02754	C3N-02754-01	Primary Tumor
6347fc31-8cc7-47c4-9c81-167c8226f7aa	45f898b9-5bf1-4e5d-af64-adc87803cc56.rna_seq.augmented_star_gene_counts.tsv	Transcriptome Profiling	Gene Expression Quantification	CPTAC-3	C3N-03007	C3N-03007-02	Primary Tumor
84b7ecfa-955d-41cd-a6ff-882116961f89	77dd6ad5-7ac2-4cfd-86d7-528dfa3feb39.rna_seq.augmented_star_gene_counts.tsv	Transcriptome Profiling	Gene Expression Quantification	CPTAC-3	C3N-02940, C3N-02940	C3N-02940-01, C3N-02940-02	Primary Tumor, Primary Tumor
06b7cc3e-1b92-4615-90d2-70a2cd0be04d	a935b4c0-dfcf-45fc-9c4e-efb9022c8eee.rna_seq.augmented_star_gene_counts.tsv	Transcriptome Profiling	Gene Expression Quantification	CPTAC-3	C3L-07034	C3L-07034-01	Solid Tissue Normal
b6fc52e5-faca-421e-a94c-c2a928e2575f	25c6d6bb-d2e7-4a87-9b9f-e42144618fd3.rna_seq.augmented_star_gene_counts.tsv	Transcriptome Profiling	Gene Expression Quantification	CPTAC-3	C3N-03430	C3N-03430-02	Primary Tumor
cb9c0932-2c2a-41ba-adcd-0fcd8961fccc	f942e6d6-f697-4141-8f1c-58933ca81751.rna_seq.augmented_star_gene_counts.tsv	Transcriptome Profiling	Gene Expression Quantification	CPTAC-3	C3N-00512, C3N-00512	C3N-00512-01, C3N-00512-02	Primary Tumor, Primary Tumor
3c898abe-2733-434a-937d-2b7481eaf6c6	c2e91b7e-2c7b-4f69-98fa-276e884f9c32.rna_seq.augmented_star_gene_counts.tsv	Transcriptome Profiling	Gene Expression Quantification	CPTAC-3	C3L-01160	C3L-01160-01	Primary Tumor
0fc40dde-9170-403a-a1cf-684e472312b2	a0f1ad3d-964c-4ff7-a0f9-4d5a2bb19388.rna_seq.augmented_star_gene_counts.tsv	Transcriptome Profiling	Gene Expression Quantification	CPTAC-3	C3N-01165, C3N-01165	C3N-01165-03, C3N-01165-02	Primary Tumor, Primary Tumor
9d3686f8-068d-4d40-93d8-14694e5290e1	1662474e-d419-418d-942c-b696b6bdb97b.rna_seq.augmented_star_gene_counts.tsv	Transcriptome Profiling	Gene Expression Quantification	CPTAC-3	C3N-03666	C3N-03666-01	Primary Tumor
733fc215-fd85-4b69-af08-916360b20552	4f8a2b3c-1456-43f1-949b-4dec6b625e66.rna_seq.augmented_star_gene_counts.tsv	Transcriptome Profiling	Gene Expression Quantification	CPTAC-3	C3N-02589	C3N-02589-01	Primary Tumor
66e7f588-b6b7-4696-bee5-00423c725239	550c8c20-7db8-4611-a353-2ee4a395c27d.rna_seq.augmented_star_gene_counts.tsv	Transcriptome Profiling	Gene Expression Quantification	CPTAC-3	C3N-02589	C3N-02589-03	Solid Tissue Normal
ea357f29-9074-4990-86f5-e32a4b008f0d	2c882633-1e4a-447c-aa1f-005f6548160d.rna_seq.augmented_star_gene_counts.tsv	Transcriptome Profiling	Gene Expression Quantification	CPTAC-3	C3L-03630, C3L-03630	C3L-03630-03, C3L-03630-02	Primary Tumor, Primary Tumor
89d96502-dd9c-4a5d-9884-6798f026f0ad	161b084a-1294-4723-a10e-45940761bb18.rna_seq.augmented_star_gene_counts.tsv	Transcriptome Profiling	Gene Expression Quantification	CPTAC-3	C3N-00516, C3N-00516	C3N-00516-02, C3N-00516-01	Primary Tumor, Primary Tumor
41d34a95-907b-43b5-8f28-0d38991ae71f	9bf92bb2-39dd-4e19-99d1-8ca95aee1e5f.rna_seq.augmented_star_gene_counts.tsv	Transcriptome Profiling	Gene Expression Quantification	CPTAC-3	C3N-00957	C3N-00957-01	Primary Tumor
94145e04-73ec-4893-8fe5-9562cce78c72	3475f8e0-a97d-41f5-8144-a85e17630874.rna_seq.augmented_star_gene_counts.tsv	Transcriptome Profiling	Gene Expression Quantification	CPTAC-3	C3N-02696	C3N-02696-05	Solid Tissue Normal
340d10b0-da4c-4802-8e55-3c51a45d05de	eef54fd2-9943-44ba-ba48-feb3b138446a.rna_seq.augmented_star_gene_counts.tsv	Transcriptome Profiling	Gene Expression Quantification	CPTAC-3	C3N-02696	C3N-02696-02	Primary Tumor
84fde4f9-eaa8-4b7f-8f98-673fa71ddbae	2df2d281-1011-4fe7-9db4-65362796b208.rna_seq.augmented_star_gene_counts.tsv	Transcriptome Profiling	Gene Expression Quantification	CPTAC-3	C3N-02696	C3N-02696-05	Solid Tissue Normal
fcf6728f-3dc7-4bc7-b094-5f0dab5e3f55	9ef46567-8933-4455-a4c9-01342d4ed5d9.rna_seq.augmented_star_gene_counts.tsv	Transcriptome Profiling	Gene Expression Quantification	CPTAC-3	C3L-02890, C3L-02890	C3L-02890-02, C3L-02890-01	Primary Tumor, Primary Tumor
94af35c9-779f-486e-8c2b-086b3516604a	b76239bf-70ee-477e-a3f3-f9b1b6425c49.rna_seq.augmented_star_gene_counts.tsv	Transcriptome Profiling	Gene Expression Quantification	CPTAC-3	C3N-01898	C3N-01898-05	Solid Tissue Normal
4f979539-52ab-4233-95f6-d5de02e8bb81	7b8a9778-899c-4c51-8814-99b8c94e0c5b.rna_seq.augmented_star_gene_counts.tsv	Transcriptome Profiling	Gene Expression Quantification	CPTAC-3	C3N-03780	C3N-03780-04	Solid Tissue Normal
34e73e8b-2dea-4667-a4dc-18671411336f	dbe35910-dcc4-4443-ba50-06193bf108f9.rna_seq.augmented_star_gene_counts.tsv	Transcriptome Profiling	Gene Expression Quantification	CPTAC-3	C3N-03440	C3N-03440-01	Primary Tumor
d6092c58-75c2-4078-a554-6b30134f64b2	b34d4ed5-e255-4932-bacd-d0bdea424120.rna_seq.augmented_star_gene_counts.tsv	Transcriptome Profiling	Gene Expression Quantification	CPTAC-3	C3N-02579	C3N-02579-02	Primary Tumor
69c6fc37-a9b1-4627-b5b7-856ed88ae379	ff02e459-d5eb-4a8e-980b-79cd4d96b29d.rna_seq.augmented_star_gene_counts.tsv	Transcriptome Profiling	Gene Expression Quantification	CPTAC-3	C3L-07036	C3L-07036-01	Solid Tissue Normal
8314a8e8-984b-4d1c-b1b9-1cdf0c7cb27a	1cc0c765-652d-4fb9-be28-2d46e04db917.rna_seq.augmented_star_gene_counts.tsv	Transcriptome Profiling	Gene Expression Quantification	CPTAC-3	C3L-07035	C3L-07035-01	Solid Tissue Normal
911e4ef8-5e63-4a56-9d40-cf808acf7b91	c5354146-13df-4ca6-a266-e985fdf2f192.rna_seq.augmented_star_gene_counts.tsv	Transcriptome Profiling	Gene Expression Quantification	CPTAC-3	C3L-01036	C3L-01036-01	Primary Tumor
46349150-82b3-40df-aec6-c3349a80f9b8	1bb44b6d-e604-4954-97e1-cdcfb6d05cd5.rna_seq.augmented_star_gene_counts.tsv	Transcriptome Profiling	Gene Expression Quantification	CPTAC-3	C3L-04495, C3L-04495, C3L-04495	C3L-04495-03, C3L-04495-01, C3L-04495-02	Primary Tumor, Primary Tumor, Primary Tumor
8439ac98-2052-42b1-9134-faf7dd1b8759	fa0a429e-a6c3-4bfd-ac08-563b166e174e.rna_seq.augmented_star_gene_counts.tsv	Transcriptome Profiling	Gene Expression Quantification	CPTAC-3	C3L-01971	C3L-01971-02	Primary Tumor
c5b94302-c7e1-4eb4-858d-52b41971787c	e605c7c0-67d0-444d-aec5-237a6a0594b9.rna_seq.augmented_star_gene_counts.tsv	Transcriptome Profiling	Gene Expression Quantification	CPTAC-3	C3N-01383, C3N-01383	C3N-01383-03, C3N-01383-01	Primary Tumor, Primary Tumor
6d6eb1d6-beb5-42d0-9382-77bb5deb1c01	805c05cf-3170-45cf-9cc1-7672cd281e01.rna_seq.augmented_star_gene_counts.tsv	Transcriptome Profiling	Gene Expression Quantification	CPTAC-3	C3N-03069	C3N-03069-03	Solid Tissue Normal
f1d63a2e-ce15-43e4-b1e4-b519ea6ab850	9daa12a8-2b13-4401-9f60-9738260ff438.rna_seq.augmented_star_gene_counts.tsv	Transcriptome Profiling	Gene Expression Quantification	CPTAC-3	C3L-03743	C3L-03743-04	Solid Tissue Normal
228c4226-5206-42b8-aa44-2cc817d0a818	27bf0c1e-d087-49fe-8137-c8c733090d3a.rna_seq.augmented_star_gene_counts.tsv	Transcriptome Profiling	Gene Expression Quantification	CPTAC-3	C3L-00622	C3L-00622-04	Solid Tissue Normal
1ed26c4c-1637-4bcd-993d-7e887ac34f71	9186da22-39d5-4113-bca1-02eae0f8b0d9.rna_seq.augmented_star_gene_counts.tsv	Transcriptome Profiling	Gene Expression Quantification	CPTAC-3	C3N-01997, C3N-01997	C3N-01997-03, C3N-01997-02	Primary Tumor, Primary Tumor
788554f6-c1cd-49ae-9224-456897a5f4f5	8bf1fa7b-b71f-40b9-8841-cb2e6061ce54.rna_seq.augmented_star_gene_counts.tsv	Transcriptome Profiling	Gene Expression Quantification	CPTAC-3	C3N-04119	C3N-04119-02	Primary Tumor
e3d16a9e-974c-4fca-a4a2-6837493e33e9	19d4dcb4-9491-49d5-901f-a0830a99d4f7.rna_seq.augmented_star_gene_counts.tsv	Transcriptome Profiling	Gene Expression Quantification	CPTAC-3	C3L-02809	C3L-02809-06	Solid Tissue Normal
28b416d6-b731-488f-b961-b3ed6c0ce035	15f47711-9168-4f5d-b2ab-110b32747071.rna_seq.augmented_star_gene_counts.tsv	Transcriptome Profiling	Gene Expression Quantification	CPTAC-3	C3L-00589, C3L-00589	C3L-00589-01, C3L-00589-02	Primary Tumor, Primary Tumor
3b369a52-f04c-483c-b80b-529a130a1b7a	276223b0-8c8c-444a-a721-3ef8b9d9b9e6.rna_seq.augmented_star_gene_counts.tsv	Transcriptome Profiling	Gene Expression Quantification	CPTAC-3	C3L-00881, C3L-00881	C3L-00881-71, C3L-00881-73	Primary Tumor, Primary Tumor
860cbad7-ce36-4dcf-a772-0e46d13b3015	eb86db8f-1b68-4c90-9af2-f2eb7152d32f.rna_seq.augmented_star_gene_counts.tsv	Transcriptome Profiling	Gene Expression Quantification	CPTAC-3	C3L-02604	C3L-02604-01	Primary Tumor
21bad3a0-c28c-4322-89ae-f209e498a7c4	aa274968-d69e-4e77-aae9-fee9c28a1b5b.rna_seq.augmented_star_gene_counts.tsv	Transcriptome Profiling	Gene Expression Quantification	CPTAC-3	C3L-00102	C3L-00102-06	Solid Tissue Normal
b6d851e1-ce1e-4653-89e6-63cd79be6775	c82e7794-6b1d-4957-85c9-4ade1856a41f.rna_seq.augmented_star_gene_counts.tsv	Transcriptome Profiling	Gene Expression Quantification	CPTAC-3	C3L-02606	C3L-02606-04	Solid Tissue Normal
a5e00464-bd88-46c0-8150-6912bf8c6a06	299b7166-e3fb-4c2a-b398-b83d759fec76.rna_seq.augmented_star_gene_counts.tsv	Transcriptome Profiling	Gene Expression Quantification	CPTAC-3	C3L-03635, C3L-03635	C3L-03635-01, C3L-03635-02	Primary Tumor, Primary Tumor
a62d0219-c5fd-49b6-b16f-90dc02e455f5	89ee954a-adc3-49cb-87d5-c35d8d3782e6.rna_seq.augmented_star_gene_counts.tsv	Transcriptome Profiling	Gene Expression Quantification	CPTAC-3	C3L-04853, C3L-04853	C3L-04853-01, C3L-04853-02	Primary Tumor, Primary Tumor
c81a2884-bd34-4b64-af20-0980034b7a6a	ace2ab70-8db9-409f-a507-42d46ce9613b.rna_seq.augmented_star_gene_counts.tsv	Transcriptome Profiling	Gene Expression Quantification	CPTAC-3	C3L-04080	C3L-04080-06	Solid Tissue Normal
c2f40316-3471-4c19-a927-fdf51e0aea15	2891c2cf-652a-4aad-a6ea-d288ec651e4f.rna_seq.augmented_star_gene_counts.tsv	Transcriptome Profiling	Gene Expression Quantification	CPTAC-3	C3L-04080, C3L-04080	C3L-04080-02, C3L-04080-03	Primary Tumor, Primary Tumor
c4b31f87-117f-4e16-9e4b-f7891312c804	8ece5ec1-88c8-4d50-942c-11be8ca9b8c9.rna_seq.augmented_star_gene_counts.tsv	Transcriptome Profiling	Gene Expression Quantification	CPTAC-3	C3N-03839, C3N-03839, C3N-03839	C3N-03839-05, C3N-03839-02, C3N-03839-01	Primary Tumor, Primary Tumor, Primary Tumor
325168c2-26a0-4b6e-af39-6b8b5ca4bbcc	315a953e-2f0d-4676-ac65-d4868307604b.rna_seq.augmented_star_gene_counts.tsv	Transcriptome Profiling	Gene Expression Quantification	CPTAC-3	C3N-03061, C3N-03061	C3N-03061-01, C3N-03061-02	Primary Tumor, Primary Tumor
506d7859-0365-4a18-9da1-7c45d45cc243	d097bf34-fa01-4b9c-8b71-e47effe7724e.rna_seq.augmented_star_gene_counts.tsv	Transcriptome Profiling	Gene Expression Quantification	CPTAC-3	C3N-00518	C3N-00518-01	Primary Tumor
19510a28-2906-4aea-8a06-787256435354	bf94d06f-4b15-4595-9667-8c38870b93ba.rna_seq.augmented_star_gene_counts.tsv	Transcriptome Profiling	Gene Expression Quantification	CPTAC-3	C3N-01899	C3N-01899-03	Solid Tissue Normal
6decc5e6-19ac-40a9-aae7-15cf01e7615e	5bdd6a54-4026-4f41-b0db-871011abf77e.rna_seq.augmented_star_gene_counts.tsv	Transcriptome Profiling	Gene Expression Quantification	CPTAC-3	C3N-02997	C3N-02997-01	Primary Tumor
cd15dcf3-fb8c-4c80-986b-ea2bd746e395	d460f111-7b35-4f12-a50e-40d88460ccbb.rna_seq.augmented_star_gene_counts.tsv	Transcriptome Profiling	Gene Expression Quantification	CPTAC-3	C3L-03629	C3L-03629-02	Primary Tumor
51d36dd2-4824-481b-ba7f-e809b5c1e465	28d06754-1437-4388-bee4-30d44dfbf246.rna_seq.augmented_star_gene_counts.tsv	Transcriptome Profiling	Gene Expression Quantification	CPTAC-3	C3N-02768	C3N-02768-03	Solid Tissue Normal
44e443d7-96bf-409b-8428-d81f2bd4e39c	24b69855-2751-4571-885d-2da06dce24f5.rna_seq.augmented_star_gene_counts.tsv	Transcriptome Profiling	Gene Expression Quantification	CPTAC-3	C3N-02768, C3N-02768	C3N-02768-02, C3N-02768-01	Primary Tumor, Primary Tumor
a9b360c8-2e0d-48b1-a5ea-2d559831f00e	ebd398cd-bd04-47bf-9386-d8ca50895cba.rna_seq.augmented_star_gene_counts.tsv	Transcriptome Profiling	Gene Expression Quantification	CPTAC-3	C3L-02956	C3L-02956-06	Solid Tissue Normal
81afae24-cbc5-42f7-a5f8-6a2d2c9d8aaa	a715622e-7524-4c9f-869b-e3e047eb337e.rna_seq.augmented_star_gene_counts.tsv	Transcriptome Profiling	Gene Expression Quantification	CPTAC-3	C3N-03190, C3N-03190	C3N-03190-01, C3N-03190-02	Primary Tumor, Primary Tumor
58bef77a-243f-4178-a778-a3e39df1d1aa	65a6f888-dc93-43cd-8b3d-3aa5868976cb.rna_seq.augmented_star_gene_counts.tsv	Transcriptome Profiling	Gene Expression Quantification	CPTAC-3	C3N-01167, C3N-01167	C3N-01167-01, C3N-01167-02	Primary Tumor, Primary Tumor
d0044f4f-81d4-49df-bb2b-4e57b0d1b859	1d421a09-7f5e-4637-abba-3e71148e45ba.rna_seq.augmented_star_gene_counts.tsv	Transcriptome Profiling	Gene Expression Quantification	CPTAC-3	C3L-01637	C3L-01637-06	Solid Tissue Normal
7e9ab022-e03a-47a0-a237-ccbba62a196d	b8a5ea19-6c72-47ed-9ebf-9774bc1196dc.rna_seq.augmented_star_gene_counts.tsv	Transcriptome Profiling	Gene Expression Quantification	CPTAC-3	C3N-00517	C3N-00517-01	Primary Tumor
8e965bd2-3cac-45b1-bac6-5db52b73f7ec	2d5e1bb8-04e7-4948-b224-f3c1e26f0c54.rna_seq.augmented_star_gene_counts.tsv	Transcriptome Profiling	Gene Expression Quantification	CPTAC-3	C3N-01385	C3N-01385-02	Primary Tumor
b034803a-63cf-4b0d-bb1d-15ea78b8124b	97fd1e0f-b859-495a-b598-8ca8c737788b.rna_seq.augmented_star_gene_counts.tsv	Transcriptome Profiling	Gene Expression Quantification	CPTAC-3	C3N-01385	C3N-01385-05	Solid Tissue Normal
5f5620c9-0786-497e-96d2-df2948931716	a6cb7ee5-f6cc-4273-88ee-e828d009a9fe.rna_seq.augmented_star_gene_counts.tsv	Transcriptome Profiling	Gene Expression Quantification	CPTAC-3	C3N-01385	C3N-01385-02	Primary Tumor
0dc88eb5-7930-41df-9740-3fc55f71822a	e77c8936-fef6-4053-8477-05f4ee8bb9f2.rna_seq.augmented_star_gene_counts.tsv	Transcriptome Profiling	Gene Expression Quantification	CPTAC-3	C3N-01382	C3N-01382-01	Primary Tumor
274b2655-ae32-419f-8494-6992d2a4a9fb	ff3a39f3-1244-475c-a094-9580d9d75fe0.rna_seq.augmented_star_gene_counts.tsv	Transcriptome Profiling	Gene Expression Quantification	CPTAC-3	C3L-03639, C3L-03639, C3L-03639	C3L-03639-03, C3L-03639-02, C3L-03639-01	Primary Tumor, Primary Tumor, Primary Tumor
7421a44e-749d-41f7-bfea-95acda66686f	f656373b-3d4e-4b8d-8ba7-f224a802b559.rna_seq.augmented_star_gene_counts.tsv	Transcriptome Profiling	Gene Expression Quantification	CPTAC-3	C3L-02897	C3L-02897-01	Primary Tumor
3f0211a3-0d3f-4f39-8144-e812cd28aed8	c639e759-ca72-4522-94a4-9dc59acf120f.rna_seq.augmented_star_gene_counts.tsv	Transcriptome Profiling	Gene Expression Quantification	CPTAC-3	C3L-03513	C3L-03513-01	Solid Tissue Normal
d9299e37-4873-4607-8aeb-bfbad3629f18	e5d89f91-87dc-4ab9-94a2-60fa6cb6d023.rna_seq.augmented_star_gene_counts.tsv	Transcriptome Profiling	Gene Expression Quantification	CPTAC-3	C3N-03086	C3N-03086-02	Primary Tumor
da10e3fb-357b-49a0-83da-893dc1f2b6b9	2cf79d6d-274a-4e2f-a163-df77b63f188c.rna_seq.augmented_star_gene_counts.tsv	Transcriptome Profiling	Gene Expression Quantification	CPTAC-3	C3N-04283	C3N-04283-03	Primary Tumor
c91b1fa9-d343-439a-91d8-77439a3fdb00	647f72d1-f49b-47c3-998f-ba437f9bb8c7.rna_seq.augmented_star_gene_counts.tsv	Transcriptome Profiling	Gene Expression Quantification	CPTAC-3	C3L-03356	C3L-03356-02	Primary Tumor
98052fb6-cda7-4b48-93c0-875500007046	1faa7190-7787-4b8e-ac42-28ae65cd346d.rna_seq.augmented_star_gene_counts.tsv	Transcriptome Profiling	Gene Expression Quantification	CPTAC-3	C3L-04072	C3L-04072-06	Solid Tissue Normal
4f3b4b56-f9a8-4fef-9731-7b114d54c016	c2a3c84b-8b90-45c0-88b9-00cf3999e2b0.rna_seq.augmented_star_gene_counts.tsv	Transcriptome Profiling	Gene Expression Quantification	CPTAC-3	C3L-00625, C3L-00625	C3L-00625-03, C3L-00625-02	Primary Tumor, Primary Tumor
ced04f73-4a3f-46cf-acb2-21aa93d0ed0c	5c75bab7-2a69-41c9-b11b-d5174c399ab7.rna_seq.augmented_star_gene_counts.tsv	Transcriptome Profiling	Gene Expression Quantification	CPTAC-3	C3L-00622, C3L-00622	C3L-00622-01, C3L-00622-03	Primary Tumor, Primary Tumor
45f41404-61a5-43c0-8a1a-7fc6ff9518e4	16ee6454-8ab3-42f6-9576-e03215c4d70a.rna_seq.augmented_star_gene_counts.tsv	Transcriptome Profiling	Gene Expression Quantification	CPTAC-3	C3N-00709	C3N-00709-01	Primary Tumor
6d7ebb2c-32c0-46d6-99c0-66b103cb8934	6d62ff2c-68bb-4ba1-981c-b2af6f962a5f.rna_seq.augmented_star_gene_counts.tsv	Transcriptome Profiling	Gene Expression Quantification	CPTAC-3	C3L-01703, C3L-01703	C3L-01703-02, C3L-01703-03	Primary Tumor, Primary Tumor
9ed4db45-79c8-4e45-84ba-3029d7eb8216	b719127d-1579-4500-ae6c-2f87319fb0cf.rna_seq.augmented_star_gene_counts.tsv	Transcriptome Profiling	Gene Expression Quantification	CPTAC-3	C3L-01703	C3L-01703-04	Solid Tissue Normal
5f99baa3-2ebd-4c02-b351-6c1a216b5e5f	87c08eb7-bec9-4a4a-a101-716aa9e87cba.rna_seq.augmented_star_gene_counts.tsv	Transcriptome Profiling	Gene Expression Quantification	CPTAC-3	C3N-01719	C3N-01719-04	Primary Tumor
d8354cd0-72cf-4cb5-93e2-62faac900202	aef2534a-1cd0-479a-88b4-9f9f402fe27f.rna_seq.augmented_star_gene_counts.tsv	Transcriptome Profiling	Gene Expression Quantification	CPTAC-3	C3L-00598, C3L-00598	C3L-00598-02, C3L-00598-03	Primary Tumor, Primary Tumor
63e60cc9-86d3-454a-b73b-a5e7808c9fb3	1968920e-7a85-404c-87c8-d313f2165440.rna_seq.augmented_star_gene_counts.tsv	Transcriptome Profiling	Gene Expression Quantification	CPTAC-3	C3L-01039	C3L-01039-05	Solid Tissue Normal
b8f0878e-05a7-432a-b75d-d455bce64fa8	37791378-64e1-4140-88aa-6a9064164f9e.rna_seq.augmented_star_gene_counts.tsv	Transcriptome Profiling	Gene Expression Quantification	CPTAC-3	C3L-01039	C3L-01039-05	Solid Tissue Normal
a5e7b01e-7570-4066-9281-c89d59ed6df7	04ceba25-1785-42ac-b14c-dcea3d7c9175.rna_seq.augmented_star_gene_counts.tsv	Transcriptome Profiling	Gene Expression Quantification	CPTAC-3	C3N-03000	C3N-03000-02	Primary Tumor
c374c7df-abc8-49fd-9729-84cd81b570ea	f6bc8bae-d9ce-4bca-9517-fa6a6535f661.rna_seq.augmented_star_gene_counts.tsv	Transcriptome Profiling	Gene Expression Quantification	CPTAC-3	C3L-02606, C3L-02606	C3L-02606-02, C3L-02606-01	Primary Tumor, Primary Tumor
2f42771b-3d0c-4901-b9f9-ca3b61409079	535a71eb-0a32-4490-a401-73edb36949b7.rna_seq.augmented_star_gene_counts.tsv	Transcriptome Profiling	Gene Expression Quantification	CPTAC-3	C3N-01380, C3N-01380	C3N-01380-01, C3N-01380-03	Primary Tumor, Primary Tumor
3ac2fc4d-9961-439b-bfd6-44039a0106d4	aefc84ef-6f90-4a13-ada1-964a25d30468.rna_seq.augmented_star_gene_counts.tsv	Transcriptome Profiling	Gene Expression Quantification	CPTAC-3	C3L-01052	C3L-01052-02	Primary Tumor
bbb307e1-487b-4a67-9846-8b3e82ac5cde	8d29479c-a76f-4b83-9af4-2f501637165f.rna_seq.augmented_star_gene_counts.tsv	Transcriptome Profiling	Gene Expression Quantification	CPTAC-3	C3N-00518	C3N-00518-05	Solid Tissue Normal
f1f92720-506a-4036-a214-32b5150cc95a	3c7b23f1-0cbd-467b-a897-7fd095f96d05.rna_seq.augmented_star_gene_counts.tsv	Transcriptome Profiling	Gene Expression Quantification	CPTAC-3	C3N-01899	C3N-01899-02	Primary Tumor
ff1c75bf-8155-4af3-a51a-c0e2e0d69479	1b91ef76-87e5-4177-9040-3af94f5bf43f.rna_seq.augmented_star_gene_counts.tsv	Transcriptome Profiling	Gene Expression Quantification	CPTAC-3	C3N-02971	C3N-02971-01	Primary Tumor
1845c68b-cee1-41bf-b40f-e6aa7b96cadc	7c1196a8-f4a4-45b7-9053-8c8021905a63.rna_seq.augmented_star_gene_counts.tsv	Transcriptome Profiling	Gene Expression Quantification	CPTAC-3	C3N-00303	C3N-00303-01	Primary Tumor
931876c5-ddd9-430d-9308-3d6c87963425	91657094-deb8-459a-a61a-048a83b1cd39.rna_seq.augmented_star_gene_counts.tsv	Transcriptome Profiling	Gene Expression Quantification	CPTAC-3	C3N-02594	C3N-02594-04	Solid Tissue Normal
d1c8b85f-8db3-4584-94cd-ba8f6752c52f	cdf8a945-a960-4783-850a-3aec0960d376.rna_seq.augmented_star_gene_counts.tsv	Transcriptome Profiling	Gene Expression Quantification	CPTAC-3	C3N-02594	C3N-02594-01	Primary Tumor
dff5aeb6-56b7-4a63-accc-376cb831caa0	977b822e-c8c3-4b04-8939-83ab3f222310.rna_seq.augmented_star_gene_counts.tsv	Transcriptome Profiling	Gene Expression Quantification	CPTAC-3	C3L-03629	C3L-03629-02	Primary Tumor
200ef90a-4f90-4e28-ac5f-4e67b9033504	103acc08-1709-44a3-bb93-262d7d50e1f0.rna_seq.augmented_star_gene_counts.tsv	Transcriptome Profiling	Gene Expression Quantification	CPTAC-3	C3L-01051	C3L-01051-02	Primary Tumor
e89e1fe4-1b5f-4cc6-a933-4ab1aec2995d	63838c66-4547-41ba-ae50-6a11bbd9dbe5.rna_seq.augmented_star_gene_counts.tsv	Transcriptome Profiling	Gene Expression Quantification	CPTAC-3	C3L-00401, C3L-00401, C3L-00401	C3L-00401-02, C3L-00401-03, C3L-00401-01	Primary Tumor, Primary Tumor, Primary Tumor
03b8a3af-c92f-490e-af25-14aa11a0527f	99bbe11f-97ff-4f62-9f9b-8812279b6732.rna_seq.augmented_star_gene_counts.tsv	Transcriptome Profiling	Gene Expression Quantification	CPTAC-3	C3L-02888	C3L-02888-02	Primary Tumor
608ca370-31da-4858-9514-bb20f38aa674	e86e3324-7e76-4e20-bef6-f946dc93e3ec.rna_seq.augmented_star_gene_counts.tsv	Transcriptome Profiling	Gene Expression Quantification	CPTAC-3	C3L-02112, C3L-02112	C3L-02112-02, C3L-02112-03	Primary Tumor, Primary Tumor
9c3bdc6f-d151-4f25-9f7f-fc13fef699b3	ba4aff6a-3378-4b8c-9a2d-5782dc8fab8a.rna_seq.augmented_star_gene_counts.tsv	Transcriptome Profiling	Gene Expression Quantification	CPTAC-3	C3N-02930	C3N-02930-01	Primary Tumor
3c1c5225-297e-4b84-aada-906330406653	9b9bbcd6-56e4-4517-b3f3-88ebf71f1c24.rna_seq.augmented_star_gene_counts.tsv	Transcriptome Profiling	Gene Expression Quantification	CPTAC-3	C3N-02930	C3N-02930-01	Primary Tumor
cc618a12-4a54-4fbe-9ec7-d1c3bf2d16f0	96ce0994-4d78-4deb-aaa7-5d0d66bce288.rna_seq.augmented_star_gene_counts.tsv	Transcriptome Profiling	Gene Expression Quantification	CPTAC-3	C3L-03622	C3L-03622-02	Primary Tumor
273357f8-a10c-40e6-bb7f-0277b35959e1	f10b724d-ee5a-4b4f-8240-34623de3b366.rna_seq.augmented_star_gene_counts.tsv	Transcriptome Profiling	Gene Expression Quantification	CPTAC-3	C3N-02930	C3N-02930-03	Solid Tissue Normal
ff8f0dbd-3866-4637-abe0-bf2d32813ef1	a00aac13-4761-4463-8c6e-99ee8db36f1a.rna_seq.augmented_star_gene_counts.tsv	Transcriptome Profiling	Gene Expression Quantification	CPTAC-3	C3N-01011	C3N-01011-02	Primary Tumor
e7eb09fb-2bc6-432c-b126-a2c4877991e2	6d3731d0-8c2c-4ba7-a477-720cebcac57b.rna_seq.augmented_star_gene_counts.tsv	Transcriptome Profiling	Gene Expression Quantification	CPTAC-3	C3N-04126, C3N-04126	C3N-04126-02, C3N-04126-01	Primary Tumor, Primary Tumor
207af6b7-18c0-4e50-ab25-42cbe507e568	30aea25d-f394-43f7-b9cc-fb4b7b11f441.rna_seq.augmented_star_gene_counts.tsv	Transcriptome Profiling	Gene Expression Quantification	CPTAC-3	C3N-02573, C3N-02573	C3N-02573-01, C3N-02573-02	Primary Tumor, Primary Tumor
a55e4f17-c221-4cb6-bd5e-a7705fa5c54b	d21f8282-a29b-4f34-85b2-a22379d11956.rna_seq.augmented_star_gene_counts.tsv	Transcriptome Profiling	Gene Expression Quantification	CPTAC-3	C3L-02463, C3L-02463	C3L-02463-02, C3L-02463-01	Primary Tumor, Primary Tumor
47abea9e-9c1b-432d-b19f-69db8222b8c5	0ac20066-3954-4a36-8ab3-c62a0c32d988.rna_seq.augmented_star_gene_counts.tsv	Transcriptome Profiling	Gene Expression Quantification	CPTAC-3	C3N-01166, C3N-01166	C3N-01166-02, C3N-01166-01	Primary Tumor, Primary Tumor
c43c02ae-3177-40af-9f34-72fe5d48340d	4a27c74b-3c3f-4ae7-8582-ff580a5edd0b.rna_seq.augmented_star_gene_counts.tsv	Transcriptome Profiling	Gene Expression Quantification	CPTAC-3	C3N-01168	C3N-01168-02	Primary Tumor
7fc37238-8758-4de4-ac43-b39ecb78644d	219d1438-0079-4e64-bb1e-5b1743720002.rna_seq.augmented_star_gene_counts.tsv	Transcriptome Profiling	Gene Expression Quantification	CPTAC-3	C3N-02010	C3N-02010-03	Primary Tumor
d04d6e83-23e7-4223-9c6e-2ae6778c6f15	116a2618-9c1a-4942-b64a-b269d87d6422.rna_seq.augmented_star_gene_counts.tsv	Transcriptome Profiling	Gene Expression Quantification	CPTAC-3	C3L-00928	C3L-00928-03	Primary Tumor
f2a1ce86-7a97-4767-ab75-3879ee1e11c4	c835f9ef-30b4-415a-b09e-b218f6b04ae4.rna_seq.augmented_star_gene_counts.tsv	Transcriptome Profiling	Gene Expression Quantification	CPTAC-3	C3N-02590	C3N-02590-01	Primary Tumor
f8b0eadd-2ffc-4cac-9d43-cb62f41c9206	594b84e7-91e3-4204-9949-1483d03781c6.rna_seq.augmented_star_gene_counts.tsv	Transcriptome Profiling	Gene Expression Quantification	CPTAC-3	C3N-02996	C3N-02996-04	Solid Tissue Normal
79ee02ca-18d9-40ee-8fb1-3b80fcf34035	037d4b7e-4721-42d1-8a21-e99c6007ca15.rna_seq.augmented_star_gene_counts.tsv	Transcriptome Profiling	Gene Expression Quantification	CPTAC-3	C3L-01124	C3L-01124-01	Primary Tumor
6cc1ec94-2b9e-44e1-a8f2-95cde672dffc	489e748d-89a5-4e86-8324-f4e190d9465d.rna_seq.augmented_star_gene_counts.tsv	Transcriptome Profiling	Gene Expression Quantification	CPTAC-3	C3N-04283	C3N-04283-04	Solid Tissue Normal
7bff4432-d6da-4114-bbd2-6b4859d76d0c	592160ba-db82-4ab3-b194-2728d7b3bee4.rna_seq.augmented_star_gene_counts.tsv	Transcriptome Profiling	Gene Expression Quantification	CPTAC-3	C3L-04473	C3L-04473-01	Primary Tumor
f703695e-1200-4c1b-ad92-1db6c1ac6f44	5d62f4eb-867f-4d87-af2d-95e4bf998cf7.rna_seq.augmented_star_gene_counts.tsv	Transcriptome Profiling	Gene Expression Quantification	CPTAC-3	C3L-01037	C3L-01037-01	Primary Tumor
f3678f55-4c8a-42d9-90b2-b84b7de28d20	e70c141d-f705-462e-bd20-987c3cfbab7b.rna_seq.augmented_star_gene_counts.tsv	Transcriptome Profiling	Gene Expression Quantification	CPTAC-3	C3N-02696	C3N-02696-02	Primary Tumor
da540c49-94d7-4a98-9e1b-d4212030de9a	a2888422-d15e-46be-aa7a-19d02c9601c5.rna_seq.augmented_star_gene_counts.tsv	Transcriptome Profiling	Gene Expression Quantification	CPTAC-3	C3N-04282	C3N-04282-01	Primary Tumor
73a962fc-09d5-49ae-8704-e38d49d5227a	a445b599-2aa0-4160-ba57-8355e176d063.rna_seq.augmented_star_gene_counts.tsv	Transcriptome Profiling	Gene Expression Quantification	CPTAC-3	C3N-03754	C3N-03754-01	Primary Tumor
cd845b45-a675-4e48-a754-4f93a89923b5	e1fa9d07-ccd9-467b-9bbc-440eb84d3e2a.rna_seq.augmented_star_gene_counts.tsv	Transcriptome Profiling	Gene Expression Quantification	CPTAC-3	C3L-03395	C3L-03395-02	Primary Tumor
64870eff-9ec5-42b0-9a01-03ed41bd5fa0	1804daa2-1de9-4328-a7b5-cdbfab3edd5a.rna_seq.augmented_star_gene_counts.tsv	Transcriptome Profiling	Gene Expression Quantification	CPTAC-3	C3N-01898	C3N-01898-05	Solid Tissue Normal
72a19c6a-d60b-4900-9667-469eeff28dfa	5d3444ae-654b-4a28-809e-5bc047f5ae09.rna_seq.augmented_star_gene_counts.tsv	Transcriptome Profiling	Gene Expression Quantification	CPTAC-3	C3N-01898	C3N-01898-04	Primary Tumor
2d1535a5-b358-40cf-a6a8-e77fc7f3f0ff	d5494358-19e7-4b54-8c2e-342f547a36e5.rna_seq.augmented_star_gene_counts.tsv	Transcriptome Profiling	Gene Expression Quantification	CPTAC-3	C3N-02765	C3N-02765-02	Primary Tumor
28803097-586f-46fc-8a65-c280c504baed	22a9a8b4-4663-453c-a2e5-4acf366b3ce4.rna_seq.augmented_star_gene_counts.tsv	Transcriptome Profiling	Gene Expression Quantification	CPTAC-3	C3L-03388	C3L-03388-02	Primary Tumor
6ffb1c12-d6fd-45e3-8351-7e956b2bf544	4b982eb5-dd33-4562-8945-7540c7c85dfd.rna_seq.augmented_star_gene_counts.tsv	Transcriptome Profiling	Gene Expression Quantification	CPTAC-3	C3N-02765	C3N-02765-03	Solid Tissue Normal
fa42344f-f780-4f38-bbdc-a1ab3914972e	89892806-5178-4fb4-8d41-8ceedf934228.rna_seq.augmented_star_gene_counts.tsv	Transcriptome Profiling	Gene Expression Quantification	CPTAC-3	C3N-02765	C3N-02765-02	Primary Tumor
8802a092-5878-4805-afcc-f7c00cf723e1	2b7911ee-4714-4669-8c3a-7cf3a6c153dc.rna_seq.augmented_star_gene_counts.tsv	Transcriptome Profiling	Gene Expression Quantification	CPTAC-3	C3L-07032	C3L-07032-01	Solid Tissue Normal
93bea9f3-d452-444c-aca3-c9e8aaa5a047	316f8f14-f228-482c-a54d-03b476620630.rna_seq.augmented_star_gene_counts.tsv	Transcriptome Profiling	Gene Expression Quantification	CPTAC-3	C3N-03780	C3N-03780-01	Primary Tumor
b01c74d4-478f-4a8a-9521-3f207a81f0bf	f7a96787-1062-42a9-9339-36e2836000d0.rna_seq.augmented_star_gene_counts.tsv	Transcriptome Profiling	Gene Expression Quantification	CPTAC-3	C3N-03440	C3N-03440-04	Solid Tissue Normal
510d1396-32da-42ec-8926-00aa595d208f	641e23bf-657a-45b9-8201-b149170224e3.rna_seq.augmented_star_gene_counts.tsv	Transcriptome Profiling	Gene Expression Quantification	CPTAC-3	C3N-02754	C3N-02754-01	Primary Tumor
94b612cd-8682-495c-be3a-64cf21aa5511	c49f1842-78f8-476c-9c3e-800521e71eb6.rna_seq.augmented_star_gene_counts.tsv	Transcriptome Profiling	Gene Expression Quantification	CPTAC-3	C3L-07037	C3L-07037-01	Solid Tissue Normal
50db8a7b-1d89-4c9a-a285-5de3c2bae5cf	bf1eeff9-7b55-4609-ab8a-003ce2727faa.rna_seq.augmented_star_gene_counts.tsv	Transcriptome Profiling	Gene Expression Quantification	TCGA-PAAD	TCGA-LB-A9Q5	TCGA-LB-A9Q5-01A	Primary Tumor
c4b1a406-6c19-4199-8cfc-076f6d785d3f	58947644-3de6-4d64-bdb3-40b853becf9d.rna_seq.augmented_star_gene_counts.tsv	Transcriptome Profiling	Gene Expression Quantification	TCGA-PAAD	TCGA-IB-7652	TCGA-IB-7652-01A	Primary Tumor
1e3a2f00-8824-47ca-94ac-cff42deb90f3	f98219ee-5936-4ed2-8d37-373ad6592e1f.rna_seq.augmented_star_gene_counts.tsv	Transcriptome Profiling	Gene Expression Quantification	TCGA-PAAD	TCGA-IB-8126	TCGA-IB-8126-01A	Primary Tumor
4be7003d-17f1-4c16-a8ef-d93a447f5a1d	a79c34bc-b143-4850-87e8-1dfe7e0753f5.rna_seq.augmented_star_gene_counts.tsv	Transcriptome Profiling	Gene Expression Quantification	TCGA-PAAD	TCGA-US-A77E	TCGA-US-A77E-01A	Primary Tumor
739472cc-a30d-4e46-93cc-5ae08eb39f0a	afa6c687-a940-4482-8c76-4683dc9b3a6d.rna_seq.augmented_star_gene_counts.tsv	Transcriptome Profiling	Gene Expression Quantification	TCGA-PAAD	TCGA-HZ-7925	TCGA-HZ-7925-01A	Primary Tumor
87e328c3-6376-40f1-9305-b2ec852d81d2	68559fae-166e-41ce-be48-cd98d17f8777.rna_seq.augmented_star_gene_counts.tsv	Transcriptome Profiling	Gene Expression Quantification	TCGA-PAAD	TCGA-IB-AAUM	TCGA-IB-AAUM-01A	Primary Tumor
3d21cf04-a049-44ce-b698-4c033cf1669c	53254141-2a2a-4524-8209-572831bd88a7.rna_seq.augmented_star_gene_counts.tsv	Transcriptome Profiling	Gene Expression Quantification	TCGA-PAAD	TCGA-IB-AAUV	TCGA-IB-AAUV-01A	Primary Tumor
0110e743-ac32-4b78-8eed-6e6cb8b75849	79924ccb-c0e0-4b16-8b06-c1037cd55d61.rna_seq.augmented_star_gene_counts.tsv	Transcriptome Profiling	Gene Expression Quantification	TCGA-PAAD	TCGA-HZ-8002	TCGA-HZ-8002-01A	Primary Tumor
3eb32ae7-a542-4c58-8394-fef21dbeaac7	9e5fbb22-7d22-48ae-b077-265c11863dd9.rna_seq.augmented_star_gene_counts.tsv	Transcriptome Profiling	Gene Expression Quantification	TCGA-PAAD	TCGA-3A-A9I7	TCGA-3A-A9I7-01A	Primary Tumor
d38c7ed8-f049-44da-bcaa-6dfed9e87562	4a6786b8-5fad-44ae-a9bf-ca732930f167.rna_seq.augmented_star_gene_counts.tsv	Transcriptome Profiling	Gene Expression Quantification	TCGA-PAAD	TCGA-HV-A7OP	TCGA-HV-A7OP-01A	Primary Tumor
cdb957f0-34d9-4db5-81a4-fb8c07eebb6f	f71d461a-af00-4c34-a973-3111c00b1dcb.rna_seq.augmented_star_gene_counts.tsv	Transcriptome Profiling	Gene Expression Quantification	TCGA-PAAD	TCGA-IB-A5SS	TCGA-IB-A5SS-01A	Primary Tumor
6bda9845-af73-46b2-88fc-c02aadc99ee9	f98d97db-fc5e-47e5-adce-3890392eea75.rna_seq.augmented_star_gene_counts.tsv	Transcriptome Profiling	Gene Expression Quantification	TCGA-PAAD	TCGA-IB-AAUR	TCGA-IB-AAUR-01A	Primary Tumor
9bfe5f73-1481-41e3-b8fc-d57b057bae31	086667b3-bd50-4f84-a9e1-fbd79ac1a21b.rna_seq.augmented_star_gene_counts.tsv	Transcriptome Profiling	Gene Expression Quantification	TCGA-PAAD	TCGA-IB-7887	TCGA-IB-7887-01A	Primary Tumor
9eaf1f4e-dd4e-4a8d-a5a2-c1763191faf5	d92e1164-75df-4944-a8cb-807faee74571.rna_seq.augmented_star_gene_counts.tsv	Transcriptome Profiling	Gene Expression Quantification	TCGA-PAAD	TCGA-S4-A8RM	TCGA-S4-A8RM-01A	Primary Tumor
1a5d463c-ace6-4ab6-83f4-407cb2d97db7	2073f6f6-2f07-4666-af7b-06d06de80540.rna_seq.augmented_star_gene_counts.tsv	Transcriptome Profiling	Gene Expression Quantification	TCGA-PAAD	TCGA-HZ-A77O	TCGA-HZ-A77O-01A	Primary Tumor
e3fd8f04-ba59-498c-9b58-dd8f5f96b0fd	bce2e178-7808-4d6d-84ce-6d91a22c196d.rna_seq.augmented_star_gene_counts.tsv	Transcriptome Profiling	Gene Expression Quantification	TCGA-PAAD	TCGA-US-A776	TCGA-US-A776-01A	Primary Tumor
439c7ab0-445d-42e7-8be5-144db4245626	a81c54cd-5668-4e4c-b4c8-2322076cba16.rna_seq.augmented_star_gene_counts.tsv	Transcriptome Profiling	Gene Expression Quantification	TCGA-PAAD	TCGA-HZ-A4BH	TCGA-HZ-A4BH-01A	Primary Tumor
688a1e70-9164-4ec3-abd6-6cb366d87f72	893cdf5a-1670-44b2-b6b9-420f9d8f8baa.rna_seq.augmented_star_gene_counts.tsv	Transcriptome Profiling	Gene Expression Quantification	TCGA-PAAD	TCGA-2J-AABT	TCGA-2J-AABT-01A	Primary Tumor
e7ea70ac-6345-4b16-9832-04e0800633c6	b9000c0a-1e86-4c10-abee-64156299e753.rna_seq.augmented_star_gene_counts.tsv	Transcriptome Profiling	Gene Expression Quantification	TCGA-PAAD	TCGA-2L-AAQJ	TCGA-2L-AAQJ-01A	Primary Tumor
c0ed500e-e4cb-424e-bcd2-ca7c62f0f014	9cc01b29-95b6-4cde-a821-e9e93c582605.rna_seq.augmented_star_gene_counts.tsv	Transcriptome Profiling	Gene Expression Quantification	TCGA-PAAD	TCGA-IB-7649	TCGA-IB-7649-01A	Primary Tumor
cd7165a4-fe2e-4730-abbd-060097120571	1651e0ed-ac68-481c-b5c0-1378372a90a4.rna_seq.augmented_star_gene_counts.tsv	Transcriptome Profiling	Gene Expression Quantification	TCGA-PAAD	TCGA-F2-7273	TCGA-F2-7273-01A	Primary Tumor
f253cd32-9c55-4541-8c6c-5e4a1db99ee1	9e929b5c-ac99-404c-a2f0-d9d8c1079164.rna_seq.augmented_star_gene_counts.tsv	Transcriptome Profiling	Gene Expression Quantification	TCGA-PAAD	TCGA-FB-A78T	TCGA-FB-A78T-01A	Primary Tumor
f8ed2164-dbe4-4eb7-a7c6-c123e911e50a	67be661f-1fa8-4d83-aca3-1d7869aa1ac2.rna_seq.augmented_star_gene_counts.tsv	Transcriptome Profiling	Gene Expression Quantification	TCGA-PAAD	TCGA-3A-A9I9	TCGA-3A-A9I9-01A	Primary Tumor
fbd81952-f83a-4a24-86f8-5a415a722499	87e3b726-ab2a-44c3-91b0-bebf65ef9404.rna_seq.augmented_star_gene_counts.tsv	Transcriptome Profiling	Gene Expression Quantification	TCGA-PAAD	TCGA-2J-AABI	TCGA-2J-AABI-01A	Primary Tumor
541ae33d-b504-4c86-8758-20087845a579	ef46a73f-2576-4901-9781-701de30e2bdd.rna_seq.augmented_star_gene_counts.tsv	Transcriptome Profiling	Gene Expression Quantification	TCGA-PAAD	TCGA-IB-A5SQ	TCGA-IB-A5SQ-01A	Primary Tumor
cb6f2165-b246-40ec-a1f1-38ff514c5c35	86ed7caa-4673-4235-bab9-e1ba3f789f8a.rna_seq.augmented_star_gene_counts.tsv	Transcriptome Profiling	Gene Expression Quantification	TCGA-PAAD	TCGA-YH-A8SY	TCGA-YH-A8SY-01A	Primary Tumor
958e63e3-9fe5-46a8-8844-e1e8f5b1eb79	1536fa04-c91a-489b-9688-3e4e8074e856.rna_seq.augmented_star_gene_counts.tsv	Transcriptome Profiling	Gene Expression Quantification	TCGA-PAAD	TCGA-XD-AAUG	TCGA-XD-AAUG-01A	Primary Tumor
34fe7a7d-8120-4527-8d7f-d136f2bb010c	4aa25d8a-34af-4837-8a17-c83f5f54a2ca.rna_seq.augmented_star_gene_counts.tsv	Transcriptome Profiling	Gene Expression Quantification	TCGA-PAAD	TCGA-2J-AABR	TCGA-2J-AABR-01A	Primary Tumor
